timestamp,percent_usage
2026-07-30T12:06:07.343616,0.00
2026-07-30T12:06:08.344298,0.00
2026-07-30T12:06:09.344721,0.00
2026-07-30T12:06:10.345095,0.00
2026-07-30T12:06:11.345658,0.00
2026-07-30T12:06:12.346183,0.00
2026-07-30T12:06:13.346735,0.00
2026-07-30T12:06:14.347348,0.00
2026-07-30T12:06:15.347877,0.00
2026-07-30T12:06:16.348408,0.00
2026-07-30T12:06:17.348973,0.00
2026-07-30T12:06:18.349551,0.00
2026-07-30T12:06:19.350019,0.00
2026-07-30T12:06:20.350426,0.00
2026-07-30T12:06:21.350985,0.00
2026-07-30T12:06:22.351527,0.00
2026-07-30T12:06:23.351923,0.00
2026-07-30T12:06:24.352461,0.00
2026-07-30T12:06:25.352901,0.00
2026-07-30T12:06:26.353374,0.00
2026-07-30T12:06:27.353896,0.00
2026-07-30T12:06:28.354408,0.00
2026-07-30T12:06:29.354802,0.00
2026-07-30T12:06:30.355330,0.00
2026-07-30T12:06:31.355825,0.00
2026-07-30T12:06:32.356394,0.00
2026-07-30T12:06:33.356947,0.00
2026-07-30T12:06:34.357446,0.00
2026-07-30T12:06:35.357914,0.00
2026-07-30T12:06:36.358385,0.00
2026-07-30T12:06:37.358942,0.00
2026-07-30T12:06:38.359526,0.00
2026-07-30T12:06:39.360037,0.00
2026-07-30T12:06:40.360575,0.00
2026-07-30T12:06:41.361132,0.00
2026-07-30T12:06:42.361709,0.00
2026-07-30T12:06:43.362255,0.00
2026-07-30T12:06:44.362785,0.00
2026-07-30T12:06:45.363330,0.00
2026-07-30T12:06:46.363855,0.00
2026-07-30T12:06:47.364422,0.00
2026-07-30T12:06:48.364823,0.00
2026-07-30T12:06:49.365390,0.00
2026-07-30T12:06:50.365793,0.00
2026-07-30T12:06:51.366344,0.00
2026-07-30T12:06:52.366817,0.00
2026-07-30T12:06:53.367355,0.00
2026-07-30T12:06:54.367907,0.00
2026-07-30T12:06:55.368425,0.00
2026-07-30T12:06:56.368811,0.00
2026-07-30T12:06:57.369349,0.00
2026-07-30T12:06:58.369727,0.00
2026-07-30T12:06:59.370346,0.00
2026-07-30T12:07:00.370808,0.00
2026-07-30T12:07:01.371304,0.00
2026-07-30T12:07:02.371826,0.00
2026-07-30T12:07:03.372350,0.00
2026-07-30T12:07:04.372787,0.00
2026-07-30T12:07:05.373355,0.00
2026-07-30T12:07:06.373760,0.00
2026-07-30T12:07:07.374365,0.00
2026-07-30T12:07:08.374950,0.00
2026-07-30T12:07:09.375453,0.00
2026-07-30T12:07:10.375979,0.00
2026-07-30T12:07:11.376542,0.00
2026-07-30T12:07:12.377106,0.00
2026-07-30T12:07:13.377667,0.00
2026-07-30T12:07:14.378167,0.00
2026-07-30T12:07:15.378758,0.00
2026-07-30T12:07:16.379390,0.00
2026-07-30T12:07:17.379959,0.00
2026-07-30T12:07:18.380524,0.00
2026-07-30T12:07:19.380961,0.00
2026-07-30T12:07:20.381500,0.00
2026-07-30T12:07:21.382058,0.00
2026-07-30T12:07:22.382571,0.00
2026-07-30T12:07:23.383129,0.00
2026-07-30T12:07:24.383731,0.00
2026-07-30T12:07:25.384250,0.00
2026-07-30T12:07:26.384773,0.00
2026-07-30T12:07:27.385321,0.00
2026-07-30T12:07:28.385799,0.00
2026-07-30T12:07:29.386248,0.00
2026-07-30T12:07:30.386783,0.00
2026-07-30T12:07:31.387284,0.00
2026-07-30T12:07:32.387772,0.00
2026-07-30T12:07:33.388305,0.00
2026-07-30T12:07:34.388842,0.00
2026-07-30T12:07:35.389371,0.00
2026-07-30T12:07:36.389738,0.00
2026-07-30T12:07:37.390215,0.00
2026-07-30T12:07:38.390604,0.00
2026-07-30T12:07:39.391144,0.00
2026-07-30T12:07:40.391669,0.00
2026-07-30T12:07:41.392156,0.00
2026-07-30T12:07:42.392733,0.00
2026-07-30T12:07:43.393127,0.00
2026-07-30T12:07:44.393639,0.00
2026-07-30T12:07:45.394045,0.00
2026-07-30T12:07:46.394555,0.00
2026-07-30T12:07:47.395068,0.00
2026-07-30T12:07:48.395609,0.00
2026-07-30T12:07:49.396083,0.00
2026-07-30T12:07:50.396584,0.00
2026-07-30T12:07:51.397121,0.00
2026-07-30T12:07:52.397714,0.00
2026-07-30T12:07:53.398260,0.00
2026-07-30T12:07:54.398767,0.00
2026-07-30T12:07:55.399281,0.00
2026-07-30T12:07:56.399828,0.00
2026-07-30T12:07:57.400339,0.00
2026-07-30T12:07:58.400889,0.00
2026-07-30T12:07:59.401447,0.00
2026-07-30T12:08:00.401974,0.00
2026-07-30T12:08:01.402482,0.00
2026-07-30T12:08:02.403035,0.00
2026-07-30T12:08:03.403422,0.00
2026-07-30T12:08:04.403926,0.00
2026-07-30T12:08:05.404437,0.00
2026-07-30T12:08:06.404709,0.00
2026-07-30T12:08:07.405181,0.00
2026-07-30T12:08:08.405734,0.00
2026-07-30T12:08:09.406299,0.00
2026-07-30T12:08:10.406825,0.00
2026-07-30T12:08:11.407351,0.00
2026-07-30T12:08:12.407775,0.00
2026-07-30T12:08:13.408322,0.00
2026-07-30T12:08:14.408791,0.00
2026-07-30T12:08:15.409230,0.00
2026-07-30T12:08:16.409555,0.00
2026-07-30T12:08:17.410085,0.00
2026-07-30T12:08:18.410452,0.00
2026-07-30T12:08:19.410823,0.00
2026-07-30T12:08:20.411317,0.00
2026-07-30T12:08:21.411762,0.00
2026-07-30T12:08:22.412175,0.00
2026-07-30T12:08:23.412611,0.00
2026-07-30T12:08:24.413028,0.00
2026-07-30T12:08:25.413491,0.00
2026-07-30T12:08:26.413817,0.00
2026-07-30T12:08:27.414242,0.00
2026-07-30T12:08:28.414654,0.00
2026-07-30T12:08:29.415046,0.00
2026-07-30T12:08:30.415550,0.00
2026-07-30T12:08:31.415973,0.00
2026-07-30T12:08:32.416477,0.00
2026-07-30T12:08:33.416828,0.00
2026-07-30T12:08:34.417395,0.00
2026-07-30T12:08:35.417957,0.00
2026-07-30T12:08:36.418463,0.00
2026-07-30T12:08:37.418751,0.00
2026-07-30T12:08:38.419235,0.00
2026-07-30T12:08:39.419679,0.00
2026-07-30T12:08:40.420181,0.00
2026-07-30T12:08:41.420610,0.00
2026-07-30T12:08:42.420996,0.00
2026-07-30T12:08:43.421440,0.00
2026-07-30T12:08:44.422005,0.00
2026-07-30T12:08:45.422567,0.00
2026-07-30T12:08:46.422950,0.00
2026-07-30T12:08:47.423504,0.00
2026-07-30T12:08:48.423943,0.00
2026-07-30T12:08:49.424512,0.00
2026-07-30T12:08:50.425023,0.00
2026-07-30T12:08:51.425566,0.00
2026-07-30T12:08:52.426102,0.00
2026-07-30T12:08:53.426654,0.00
2026-07-30T12:08:54.427280,0.00
2026-07-30T12:08:55.427838,0.00
2026-07-30T12:08:56.428375,0.00
2026-07-30T12:08:57.428968,0.00
2026-07-30T12:08:58.429531,0.00
2026-07-30T12:08:59.430018,0.00
2026-07-30T12:09:00.430557,0.00
2026-07-30T12:09:01.431143,0.00
2026-07-30T12:09:02.431613,0.00
2026-07-30T12:09:03.432030,0.00
2026-07-30T12:09:04.432493,0.00
2026-07-30T12:09:05.432880,0.00
2026-07-30T12:09:06.433371,0.00
2026-07-30T12:09:07.433940,0.00
2026-07-30T12:09:08.434543,0.00
2026-07-30T12:09:09.434974,0.00
2026-07-30T12:09:10.435416,0.00
2026-07-30T12:09:11.435832,0.00
2026-07-30T12:09:12.436403,0.00
2026-07-30T12:09:13.436830,0.00
2026-07-30T12:09:14.437263,0.00
2026-07-30T12:09:15.437730,0.00
2026-07-30T12:09:16.438239,0.00
2026-07-30T12:09:17.438647,0.00
2026-07-30T12:09:18.439121,0.00
2026-07-30T12:09:19.439686,0.00
2026-07-30T12:09:20.440309,0.00
2026-07-30T12:09:21.440765,0.00
2026-07-30T12:09:22.441351,0.00
2026-07-30T12:09:23.441760,0.00
2026-07-30T12:09:24.442361,0.00
2026-07-30T12:09:25.442785,0.00
2026-07-30T12:09:26.443374,0.00
2026-07-30T12:09:27.443946,0.00
2026-07-30T12:09:28.444482,0.00
2026-07-30T12:09:29.444748,0.00
2026-07-30T12:09:30.445228,0.00
2026-07-30T12:09:31.445624,0.00
2026-07-30T12:09:32.446188,0.00
2026-07-30T12:09:33.446824,0.00
2026-07-30T12:09:34.447343,0.00
2026-07-30T12:09:35.447931,0.00
2026-07-30T12:09:36.448311,0.00
2026-07-30T12:09:37.448817,0.00
2026-07-30T12:09:38.449417,0.00
2026-07-30T12:09:39.449969,0.00
2026-07-30T12:09:40.450491,0.00
2026-07-30T12:09:41.450806,0.00
2026-07-30T12:09:42.451331,0.00
2026-07-30T12:09:43.451905,0.00
2026-07-30T12:09:44.452501,0.00
2026-07-30T12:09:45.453009,0.00
2026-07-30T12:09:46.453476,0.00
2026-07-30T12:09:47.454029,0.00
2026-07-30T12:09:48.454588,0.00
2026-07-30T12:09:49.455088,0.00
2026-07-30T12:09:50.455613,0.00
2026-07-30T12:09:51.456003,0.00
2026-07-30T12:09:52.456515,0.00
2026-07-30T12:09:53.456936,0.00
2026-07-30T12:09:54.457478,0.00
2026-07-30T12:09:55.457980,0.00
2026-07-30T12:09:56.458488,0.00
2026-07-30T12:09:57.458871,0.00
2026-07-30T12:09:58.459341,0.00
2026-07-30T12:09:59.459719,0.00
2026-07-30T12:10:00.460110,0.00
2026-07-30T12:10:01.460581,0.00
2026-07-30T12:10:02.461109,0.00
2026-07-30T12:10:03.461539,0.00
2026-07-30T12:10:04.462101,0.00
2026-07-30T12:10:05.462634,0.00
2026-07-30T12:10:06.463187,0.00
2026-07-30T12:10:07.463787,0.00
2026-07-30T12:10:08.464331,0.00
2026-07-30T12:10:09.464719,0.00
2026-07-30T12:10:10.465242,0.00
2026-07-30T12:10:11.465470,0.00
2026-07-30T12:10:12.466003,0.00
2026-07-30T12:10:13.466553,0.00
2026-07-30T12:10:14.467078,0.00
2026-07-30T12:10:15.467442,0.00
2026-07-30T12:10:16.467870,0.00
2026-07-30T12:10:17.468466,0.00
2026-07-30T12:10:18.468900,0.00
2026-07-30T12:10:19.469437,0.00
2026-07-30T12:10:20.469926,0.00
2026-07-30T12:10:21.470442,0.00
2026-07-30T12:10:22.471021,0.00
2026-07-30T12:10:23.471658,0.00
2026-07-30T12:10:24.472240,0.00
2026-07-30T12:10:25.472650,0.00
2026-07-30T12:10:26.473012,0.00
2026-07-30T12:10:27.473617,0.00
2026-07-30T12:10:28.474238,0.00
2026-07-30T12:10:29.474654,0.00
2026-07-30T12:10:30.475238,0.00
2026-07-30T12:10:31.475788,0.00
2026-07-30T12:10:32.476153,0.00
2026-07-30T12:10:33.476601,0.00
2026-07-30T12:10:34.477082,0.00
2026-07-30T12:10:35.477626,0.00
2026-07-30T12:10:36.478243,0.00
2026-07-30T12:10:37.478753,0.00
2026-07-30T12:10:38.479285,0.00
2026-07-30T12:10:39.479686,0.00
2026-07-30T12:10:40.480124,0.00
2026-07-30T12:10:41.480639,0.00
2026-07-30T12:10:42.481091,0.00
2026-07-30T12:10:43.481587,0.00
2026-07-30T12:10:44.482159,0.00
2026-07-30T12:10:45.482641,0.00
2026-07-30T12:10:46.483126,0.00
2026-07-30T12:10:47.483751,0.00
2026-07-30T12:10:48.484363,0.00
2026-07-30T12:10:49.484790,0.00
2026-07-30T12:10:50.485297,0.00
2026-07-30T12:10:51.485753,0.00
2026-07-30T12:10:52.486261,0.00
2026-07-30T12:10:53.486727,0.00
2026-07-30T12:10:54.487345,0.00
2026-07-30T12:10:55.487850,0.00
2026-07-30T12:10:56.488532,0.00
2026-07-30T12:10:57.489151,0.00
2026-07-30T12:10:58.489671,0.00
2026-07-30T12:10:59.490257,0.00
2026-07-30T12:11:00.490786,0.00
2026-07-30T12:11:01.491344,0.00
2026-07-30T12:11:02.491915,0.00
2026-07-30T12:11:03.492500,0.00
2026-07-30T12:11:04.492986,0.00
2026-07-30T12:11:05.493615,0.00
2026-07-30T12:11:06.493993,0.00
2026-07-30T12:11:07.494502,0.00
2026-07-30T12:11:08.495044,0.00
2026-07-30T12:11:09.495599,0.00
2026-07-30T12:11:10.496158,0.00
2026-07-30T12:11:11.496580,0.00
2026-07-30T12:11:12.497126,0.00
2026-07-30T12:11:13.497423,0.00
2026-07-30T12:11:14.497919,0.00
2026-07-30T12:11:15.498504,0.00
2026-07-30T12:11:16.499039,0.00
2026-07-30T12:11:17.499613,0.00
2026-07-30T12:11:18.500109,0.00
2026-07-30T12:11:19.500631,0.00
2026-07-30T12:11:20.501133,0.00
2026-07-30T12:11:21.501691,0.00
2026-07-30T12:11:22.502303,0.00
2026-07-30T12:11:23.502837,0.00
2026-07-30T12:11:24.503274,0.00
2026-07-30T12:11:25.503524,0.00
2026-07-30T12:11:26.503881,0.00
2026-07-30T12:11:27.504440,0.00
2026-07-30T12:11:28.504944,0.00
2026-07-30T12:11:29.505488,0.00
2026-07-30T12:11:30.506021,0.00
2026-07-30T12:11:31.506579,0.00
2026-07-30T12:11:32.507111,0.00
2026-07-30T12:11:33.507552,0.00
2026-07-30T12:11:34.508115,0.00
2026-07-30T12:11:35.508576,0.00
2026-07-30T12:11:36.508958,0.00
2026-07-30T12:11:37.509476,0.00
2026-07-30T12:11:38.509910,0.00
2026-07-30T12:11:39.510471,0.00
2026-07-30T12:11:40.510878,0.00
2026-07-30T12:11:41.511387,0.00
2026-07-30T12:11:42.511823,0.00
2026-07-30T12:11:43.512365,0.00
2026-07-30T12:11:44.512792,0.00
2026-07-30T12:11:45.513366,0.00
2026-07-30T12:11:46.513788,0.00
2026-07-30T12:11:47.514323,0.00
2026-07-30T12:11:48.514899,0.00
2026-07-30T12:11:49.515470,0.00
2026-07-30T12:11:50.515920,0.00
2026-07-30T12:11:51.516429,0.00
2026-07-30T12:11:52.516939,0.00
2026-07-30T12:11:53.517404,0.00
2026-07-30T12:11:54.517936,0.00
2026-07-30T12:11:55.518419,0.00
2026-07-30T12:11:56.518892,0.00
2026-07-30T12:11:57.519473,0.00
2026-07-30T12:11:58.519967,0.00
2026-07-30T12:11:59.520472,0.00
2026-07-30T12:12:00.521002,0.00
2026-07-30T12:12:01.521554,0.00
2026-07-30T12:12:02.522144,0.00
2026-07-30T12:12:03.522794,0.00
2026-07-30T12:12:04.523396,0.00
2026-07-30T12:12:05.523806,0.00
2026-07-30T12:12:06.524387,0.00
2026-07-30T12:12:07.524729,0.00
2026-07-30T12:12:08.525236,0.00
2026-07-30T12:12:09.525836,0.00
2026-07-30T12:12:10.526423,0.00
2026-07-30T12:12:11.527003,0.00
2026-07-30T12:12:12.527531,0.00
2026-07-30T12:12:13.528025,0.00
2026-07-30T12:12:14.528514,0.00
2026-07-30T12:12:15.529031,0.00
2026-07-30T12:12:16.529590,0.00
2026-07-30T12:12:17.530156,0.00
2026-07-30T12:12:18.530862,0.00
2026-07-30T12:12:19.531495,0.00
2026-07-30T12:12:20.532116,0.00
2026-07-30T12:12:21.532742,0.00
2026-07-30T12:12:22.533358,0.00
2026-07-30T12:12:23.533914,0.00
2026-07-30T12:12:24.534457,0.00
2026-07-30T12:12:25.534982,0.00
2026-07-30T12:12:26.535508,0.00
2026-07-30T12:12:27.535934,0.00
2026-07-30T12:12:28.536472,0.00
2026-07-30T12:12:29.537014,0.00
2026-07-30T12:12:30.537549,0.00
2026-07-30T12:12:31.538107,0.00
2026-07-30T12:12:32.538654,0.00
2026-07-30T12:12:33.539047,0.00
2026-07-30T12:12:34.539521,0.00
2026-07-30T12:12:35.540068,0.00
2026-07-30T12:12:36.540618,0.00
2026-07-30T12:12:37.541170,0.00
2026-07-30T12:12:38.541707,0.00
2026-07-30T12:12:39.542244,0.00
2026-07-30T12:12:40.542798,0.00
2026-07-30T12:12:41.543409,0.00
2026-07-30T12:12:42.543996,0.00
2026-07-30T12:12:43.544529,0.00
2026-07-30T12:12:44.545094,0.00
2026-07-30T12:12:45.545637,0.00
2026-07-30T12:12:46.546227,0.00
2026-07-30T12:12:47.546729,0.00
2026-07-30T12:12:48.547296,0.00
2026-07-30T12:12:49.547855,0.00
2026-07-30T12:12:50.548399,0.00
2026-07-30T12:12:51.549163,0.00
2026-07-30T12:12:52.549787,0.00
2026-07-30T12:12:53.550376,0.00
2026-07-30T12:12:54.550923,0.00
2026-07-30T12:12:55.551427,0.00
2026-07-30T12:12:56.551978,0.00
2026-07-30T12:12:57.552521,0.00
2026-07-30T12:12:58.553083,0.00
2026-07-30T12:12:59.553652,0.00
2026-07-30T12:13:00.554105,0.00
2026-07-30T12:13:01.554693,0.00
2026-07-30T12:13:02.555298,0.00
2026-07-30T12:13:03.555693,0.00
2026-07-30T12:13:04.556113,0.00
2026-07-30T12:13:05.556659,0.00
2026-07-30T12:13:06.557158,0.00
2026-07-30T12:13:07.557692,0.00
2026-07-30T12:13:08.558242,0.00
2026-07-30T12:13:09.558776,0.00
2026-07-30T12:13:10.559169,0.00
2026-07-30T12:13:11.559665,0.00
2026-07-30T12:13:12.560155,0.00
2026-07-30T12:13:13.560563,0.00
2026-07-30T12:13:14.560958,0.00
2026-07-30T12:13:15.561518,0.00
2026-07-30T12:13:16.562051,0.00
2026-07-30T12:13:17.562629,0.00
2026-07-30T12:13:18.563222,0.00
2026-07-30T12:13:19.563704,0.00
2026-07-30T12:13:20.564230,0.00
2026-07-30T12:13:21.564775,0.00
2026-07-30T12:13:22.565405,0.00
2026-07-30T12:13:23.565824,0.00
2026-07-30T12:13:24.566408,0.00
2026-07-30T12:13:25.566968,0.00
2026-07-30T12:13:26.567549,0.00
2026-07-30T12:13:27.568050,0.00
2026-07-30T12:13:28.568584,0.00
2026-07-30T12:13:29.569149,0.00
2026-07-30T12:13:30.569736,0.00
2026-07-30T12:13:31.570321,0.00
2026-07-30T12:13:32.570676,0.00
2026-07-30T12:13:33.571039,0.00
2026-07-30T12:13:34.571520,0.00
2026-07-30T12:13:35.572071,0.00
2026-07-30T12:13:36.572604,0.00
2026-07-30T12:13:37.573128,0.00
2026-07-30T12:13:38.573648,0.00
2026-07-30T12:13:39.574114,0.00
2026-07-30T12:13:40.574657,0.00
2026-07-30T12:13:41.575251,0.00
2026-07-30T12:13:42.575741,0.00
2026-07-30T12:13:43.576339,0.00
2026-07-30T12:13:44.576903,0.00
2026-07-30T12:13:45.577467,0.00
2026-07-30T12:13:46.577897,0.00
2026-07-30T12:13:47.578290,0.00
2026-07-30T12:13:48.578697,0.00
2026-07-30T12:13:49.579303,0.00
2026-07-30T12:13:50.579889,0.00
2026-07-30T12:13:51.580495,0.00
2026-07-30T12:13:52.581082,0.00
2026-07-30T12:13:53.581665,0.00
2026-07-30T12:13:54.582226,0.00
2026-07-30T12:13:55.582803,0.00
2026-07-30T12:13:56.583403,0.00
2026-07-30T12:13:57.583946,0.00
2026-07-30T12:13:58.584471,0.00
2026-07-30T12:13:59.584949,0.00
2026-07-30T12:14:00.585498,0.00
2026-07-30T12:14:01.586084,0.00
2026-07-30T12:14:02.586574,0.00
2026-07-30T12:14:03.587141,0.00
2026-07-30T12:14:04.587691,0.00
2026-07-30T12:14:05.588300,0.00
2026-07-30T12:14:06.588884,0.00
2026-07-30T12:14:07.589495,0.00
2026-07-30T12:14:08.590043,0.00
2026-07-30T12:14:09.590611,0.00
2026-07-30T12:14:10.591250,0.00
2026-07-30T12:14:11.591859,0.00
2026-07-30T12:14:12.592463,0.00
2026-07-30T12:14:13.592897,0.00
2026-07-30T12:14:14.593482,0.00
2026-07-30T12:14:15.594043,0.00
2026-07-30T12:14:16.594584,0.00
2026-07-30T12:14:17.594976,0.00
2026-07-30T12:14:18.595513,0.00
2026-07-30T12:14:19.596033,0.00
2026-07-30T12:14:20.596567,0.00
2026-07-30T12:14:21.597100,0.00
2026-07-30T12:14:22.597657,0.00
2026-07-30T12:14:23.598224,0.00
2026-07-30T12:14:24.598763,0.00
2026-07-30T12:14:25.599351,0.00
2026-07-30T12:14:26.599897,0.00
2026-07-30T12:14:27.600415,0.00
2026-07-30T12:14:28.600965,0.00
2026-07-30T12:14:29.601505,0.00
2026-07-30T12:14:30.602053,0.00
2026-07-30T12:14:31.602608,0.00
2026-07-30T12:14:32.603171,0.00
2026-07-30T12:14:33.603468,0.00
2026-07-30T12:14:34.603903,0.00
2026-07-30T12:14:35.604453,0.00
2026-07-30T12:14:36.604879,0.00
2026-07-30T12:14:37.605449,0.00
2026-07-30T12:14:38.606005,0.00
2026-07-30T12:14:39.606581,0.00
2026-07-30T12:14:40.607120,0.00
2026-07-30T12:14:41.607550,0.00
2026-07-30T12:14:42.608037,0.00
2026-07-30T12:14:43.608579,0.00
2026-07-30T12:14:44.609124,0.00
2026-07-30T12:14:45.609696,0.00
2026-07-30T12:14:46.610298,0.00
2026-07-30T12:14:47.610682,0.00
2026-07-30T12:14:48.611254,0.00
2026-07-30T12:14:49.611796,0.00
2026-07-30T12:14:50.612337,0.00
2026-07-30T12:14:51.612854,0.00
2026-07-30T12:14:52.613379,0.00
2026-07-30T12:14:53.613794,0.00
2026-07-30T12:14:54.614367,0.00
2026-07-30T12:14:55.614878,0.00
2026-07-30T12:14:56.615435,0.00
2026-07-30T12:14:57.615978,0.00
2026-07-30T12:14:58.616456,0.00
2026-07-30T12:14:59.616969,0.00
2026-07-30T12:15:00.617522,0.00
2026-07-30T12:15:01.617888,0.00
2026-07-30T12:15:02.618446,0.00
2026-07-30T12:15:03.618976,0.00
2026-07-30T12:15:04.619503,0.00
2026-07-30T12:15:05.620055,0.00
2026-07-30T12:15:06.620515,0.00
2026-07-30T12:15:07.620960,0.00
2026-07-30T12:15:08.621492,0.00
2026-07-30T12:15:09.622031,0.00
2026-07-30T12:15:10.622583,0.00
2026-07-30T12:15:11.622971,0.00
2026-07-30T12:15:12.623529,0.00
2026-07-30T12:15:13.624051,0.00
2026-07-30T12:15:14.624532,0.00
2026-07-30T12:15:15.625089,0.00
2026-07-30T12:15:16.625632,0.00
2026-07-30T12:15:17.626054,0.00
2026-07-30T12:15:18.626572,0.00
2026-07-30T12:15:19.627118,0.00
2026-07-30T12:15:20.627625,0.00
2026-07-30T12:15:21.628181,0.00
2026-07-30T12:15:22.628695,0.00
2026-07-30T12:15:23.629172,0.00
2026-07-30T12:15:24.629644,0.00
2026-07-30T12:15:25.630217,0.00
2026-07-30T12:15:26.630860,0.00
2026-07-30T12:15:27.631406,0.00
2026-07-30T12:15:28.631809,0.00
2026-07-30T12:15:29.632322,0.00
2026-07-30T12:15:30.632820,0.00
2026-07-30T12:15:31.633222,0.00
2026-07-30T12:15:32.633810,0.00
2026-07-30T12:15:33.634376,0.00
2026-07-30T12:15:34.634832,0.00
2026-07-30T12:15:35.635264,0.00
2026-07-30T12:15:36.635742,0.00
2026-07-30T12:15:37.636318,0.00
2026-07-30T12:15:38.636711,0.00
2026-07-30T12:15:39.637209,0.00
2026-07-30T12:15:40.637610,0.00
2026-07-30T12:15:41.637975,0.00
2026-07-30T12:15:42.638389,0.00
2026-07-30T12:15:43.638809,0.00
2026-07-30T12:15:44.639180,0.00
2026-07-30T12:15:45.639675,0.00
2026-07-30T12:15:46.640158,0.00
2026-07-30T12:15:47.640661,0.00
2026-07-30T12:15:48.641162,0.00
2026-07-30T12:15:49.641705,0.00
2026-07-30T12:15:50.642283,0.00
2026-07-30T12:15:51.642786,0.00
2026-07-30T12:15:52.643362,0.00
2026-07-30T12:15:53.643913,0.00
2026-07-30T12:15:54.644472,0.00
2026-07-30T12:15:55.644976,0.00
2026-07-30T12:15:56.645509,0.00
2026-07-30T12:15:57.646006,0.00
2026-07-30T12:15:58.646516,0.00
2026-07-30T12:15:59.647025,0.00
2026-07-30T12:16:00.647559,0.00
2026-07-30T12:16:01.648097,0.00
2026-07-30T12:16:02.648613,0.00
2026-07-30T12:16:03.649119,0.00
2026-07-30T12:16:04.649636,0.00
2026-07-30T12:16:05.650123,0.00
2026-07-30T12:16:06.650688,0.00
2026-07-30T12:16:07.651255,0.00
2026-07-30T12:16:08.651648,0.00
2026-07-30T12:16:09.652183,0.00
2026-07-30T12:16:10.652608,0.00
2026-07-30T12:16:11.653012,0.00
2026-07-30T12:16:12.653520,0.00
2026-07-30T12:16:13.654009,0.00
2026-07-30T12:16:14.654528,0.00
2026-07-30T12:16:15.655050,0.00
2026-07-30T12:16:16.655570,0.00
2026-07-30T12:16:17.656009,0.00
2026-07-30T12:16:18.656357,0.00
2026-07-30T12:16:19.656837,0.00
2026-07-30T12:16:20.657385,0.00
2026-07-30T12:16:21.657906,0.00
2026-07-30T12:16:22.658427,0.00
2026-07-30T12:16:23.658884,0.00
2026-07-30T12:16:24.659447,0.00
2026-07-30T12:16:25.659977,0.00
2026-07-30T12:16:26.660481,0.00
2026-07-30T12:16:27.661019,0.00
2026-07-30T12:16:28.661526,0.00
2026-07-30T12:16:29.662056,0.00
2026-07-30T12:16:30.662560,0.00
2026-07-30T12:16:31.662979,0.00
2026-07-30T12:16:32.663473,0.00
2026-07-30T12:16:33.664014,0.00
2026-07-30T12:16:34.664536,0.00
2026-07-30T12:16:35.665063,0.00
2026-07-30T12:16:36.665584,0.00
2026-07-30T12:16:37.666025,0.00
2026-07-30T12:16:38.666484,0.00
2026-07-30T12:16:39.666977,0.00
2026-07-30T12:16:40.667405,0.00
2026-07-30T12:16:41.667810,0.00
2026-07-30T12:16:42.668317,0.00
2026-07-30T12:16:43.668739,0.00
2026-07-30T12:16:44.669221,0.00
2026-07-30T12:16:45.669672,0.00
2026-07-30T12:16:46.670161,0.00
2026-07-30T12:16:47.670758,0.00
2026-07-30T12:16:48.671310,0.00
2026-07-30T12:16:49.671822,0.00
2026-07-30T12:16:50.672357,0.00
2026-07-30T12:16:51.672913,0.00
2026-07-30T12:16:52.673444,0.00
2026-07-30T12:16:53.673812,0.00
2026-07-30T12:16:54.674308,0.00
2026-07-30T12:16:55.674802,0.00
2026-07-30T12:16:56.675330,0.00
2026-07-30T12:16:57.675817,0.00
2026-07-30T12:16:58.676321,0.00
2026-07-30T12:16:59.676842,0.00
2026-07-30T12:17:00.677370,0.00
2026-07-30T12:17:01.677720,0.00
2026-07-30T12:17:02.678275,0.00
2026-07-30T12:17:03.678787,0.00
2026-07-30T12:17:04.679353,0.00
2026-07-30T12:17:05.679899,0.00
2026-07-30T12:17:06.680352,0.00
2026-07-30T12:17:07.680873,0.00
2026-07-30T12:17:08.681419,0.00
2026-07-30T12:17:09.681934,0.00
2026-07-30T12:17:10.682468,0.00
2026-07-30T12:17:11.682998,0.00
2026-07-30T12:17:12.683510,0.00
2026-07-30T12:17:13.684082,0.00
2026-07-30T12:17:14.684568,0.00
2026-07-30T12:17:15.685054,0.00
2026-07-30T12:17:16.685612,0.00
2026-07-30T12:17:17.686136,0.00
2026-07-30T12:17:18.686708,0.00
2026-07-30T12:17:19.687254,0.00
2026-07-30T12:17:20.687777,0.00
2026-07-30T12:17:21.688331,0.00
2026-07-30T12:17:22.688867,0.00
2026-07-30T12:17:23.689373,0.00
2026-07-30T12:17:24.689931,0.00
2026-07-30T12:17:25.690483,0.00
2026-07-30T12:17:26.690958,0.00
2026-07-30T12:17:27.691500,0.00
2026-07-30T12:17:28.692086,0.00
2026-07-30T12:17:29.692614,0.00
2026-07-30T12:17:30.693171,0.00
2026-07-30T12:17:31.693745,0.00
2026-07-30T12:17:32.694302,0.00
2026-07-30T12:17:33.694812,0.00
2026-07-30T12:17:34.695367,0.00
2026-07-30T12:17:35.695779,0.00
2026-07-30T12:17:36.696354,0.00
2026-07-30T12:17:37.696868,0.00
2026-07-30T12:17:38.697400,0.00
2026-07-30T12:17:39.697839,0.00
2026-07-30T12:17:40.698394,0.00
2026-07-30T12:17:41.698800,0.00
2026-07-30T12:17:42.699307,0.00
2026-07-30T12:17:43.699864,0.00
2026-07-30T12:17:44.700395,0.00
2026-07-30T12:17:45.700868,0.00
2026-07-30T12:17:46.701328,0.00
2026-07-30T12:17:47.701787,0.00
2026-07-30T12:17:48.702302,0.00
2026-07-30T12:17:49.702769,0.00
2026-07-30T12:17:50.703261,0.00
2026-07-30T12:17:51.703739,0.00
2026-07-30T12:17:52.704134,0.00
2026-07-30T12:17:53.704645,0.00
2026-07-30T12:17:54.705126,0.00
2026-07-30T12:17:55.705634,0.00
2026-07-30T12:17:56.706139,0.00
2026-07-30T12:17:57.706651,0.00
2026-07-30T12:17:58.707117,0.00
2026-07-30T12:17:59.707632,0.00
2026-07-30T12:18:00.707977,0.00
2026-07-30T12:18:01.708421,0.00
2026-07-30T12:18:02.708909,0.00
2026-07-30T12:18:03.709416,0.00
2026-07-30T12:18:04.709885,0.00
2026-07-30T12:18:05.710360,0.00
2026-07-30T12:18:06.710836,0.00
2026-07-30T12:18:07.711355,0.00
2026-07-30T12:18:08.711765,0.00
2026-07-30T12:18:09.712242,0.00
2026-07-30T12:18:10.712735,0.00
2026-07-30T12:18:11.713220,0.00
2026-07-30T12:18:12.713624,0.00
2026-07-30T12:18:13.714130,0.00
2026-07-30T12:18:14.714624,0.00
2026-07-30T12:18:15.715091,0.00
2026-07-30T12:18:16.715438,0.00
2026-07-30T12:18:17.715799,0.00
2026-07-30T12:18:18.716251,0.00
2026-07-30T12:18:19.716741,0.00
2026-07-30T12:18:20.717288,0.00
2026-07-30T12:18:21.717750,0.00
2026-07-30T12:18:22.718238,0.00
2026-07-30T12:18:23.718708,0.00
2026-07-30T12:18:24.719116,0.00
2026-07-30T12:18:25.719620,0.00
2026-07-30T12:18:26.720111,0.00
2026-07-30T12:18:27.720547,0.00
2026-07-30T12:18:28.721038,0.00
2026-07-30T12:18:29.721510,0.00
2026-07-30T12:18:30.721972,0.00
2026-07-30T12:18:31.722435,0.00
2026-07-30T12:18:32.722902,0.00
2026-07-30T12:18:33.723384,0.00
2026-07-30T12:18:34.723892,0.00
2026-07-30T12:18:35.724417,0.00
2026-07-30T12:18:36.724829,0.00
2026-07-30T12:18:37.725334,0.00
2026-07-30T12:18:38.725795,0.00
2026-07-30T12:18:39.726293,0.00
2026-07-30T12:18:40.726830,0.00
2026-07-30T12:18:41.727338,0.00
2026-07-30T12:18:42.727733,0.00
2026-07-30T12:18:43.728172,0.00
2026-07-30T12:18:44.728672,0.00
2026-07-30T12:18:45.729130,0.00
2026-07-30T12:18:46.729638,0.00
2026-07-30T12:18:47.730094,0.00
2026-07-30T12:18:48.730494,0.00
2026-07-30T12:18:49.730884,0.00
2026-07-30T12:18:50.731355,0.00
2026-07-30T12:18:51.731825,0.00
2026-07-30T12:18:52.732333,0.00
2026-07-30T12:18:53.732778,0.00
2026-07-30T12:18:54.733289,0.00
2026-07-30T12:18:55.733786,0.00
2026-07-30T12:18:56.734215,0.00
2026-07-30T12:18:57.734602,0.00
2026-07-30T12:18:58.735025,0.00
2026-07-30T12:18:59.735493,0.00
2026-07-30T12:19:00.735911,0.00
2026-07-30T12:19:01.736373,0.00
2026-07-30T12:19:02.736825,0.00
2026-07-30T12:19:03.737349,0.00
2026-07-30T12:19:04.737828,0.00
2026-07-30T12:19:05.738305,0.00
2026-07-30T12:19:06.738776,0.00
2026-07-30T12:19:07.739305,0.00
2026-07-30T12:19:08.739773,0.00
2026-07-30T12:19:09.740240,0.00
2026-07-30T12:19:10.740710,0.00
2026-07-30T12:19:11.741160,0.00
2026-07-30T12:19:12.741641,0.00
2026-07-30T12:19:13.742080,0.00
2026-07-30T12:19:14.742501,0.00
2026-07-30T12:19:15.742977,0.00
2026-07-30T12:19:16.743499,0.00
2026-07-30T12:19:17.743967,0.00
2026-07-30T12:19:18.744512,0.00
2026-07-30T12:19:19.745028,0.00
2026-07-30T12:19:20.745552,0.00
2026-07-30T12:19:21.746104,0.00
2026-07-30T12:19:22.746648,0.00
2026-07-30T12:19:23.747100,0.00
2026-07-30T12:19:24.747582,0.00
2026-07-30T12:19:25.748084,0.00
2026-07-30T12:19:26.748612,0.00
2026-07-30T12:19:27.749137,0.00
2026-07-30T12:19:28.749721,0.00
2026-07-30T12:19:29.750272,0.00
2026-07-30T12:19:30.750788,0.00
2026-07-30T12:19:31.751267,0.00
2026-07-30T12:19:32.751777,0.00
2026-07-30T12:19:33.752328,0.00
2026-07-30T12:19:34.752768,0.00
2026-07-30T12:19:35.753250,0.00
2026-07-30T12:19:36.753727,0.00
2026-07-30T12:19:37.754286,0.00
2026-07-30T12:19:38.754865,0.00
2026-07-30T12:19:39.755470,0.00
2026-07-30T12:19:40.755997,0.00
2026-07-30T12:19:41.756569,0.00
2026-07-30T12:19:42.757031,0.00
2026-07-30T12:19:43.757589,0.00
2026-07-30T12:19:44.758132,0.00
2026-07-30T12:19:45.758678,0.00
2026-07-30T12:19:46.759232,0.00
2026-07-30T12:19:47.759621,0.00
2026-07-30T12:19:48.760144,0.00
2026-07-30T12:19:49.760704,0.00
2026-07-30T12:19:50.761247,0.00
2026-07-30T12:19:51.761813,0.00
2026-07-30T12:19:52.762361,0.00
2026-07-30T12:19:53.762929,0.00
2026-07-30T12:19:54.763468,0.00
2026-07-30T12:19:55.764000,0.00
2026-07-30T12:19:56.764529,0.00
2026-07-30T12:19:57.765081,0.00
2026-07-30T12:19:58.765633,0.00
2026-07-30T12:19:59.766172,0.00
2026-07-30T12:20:00.766719,0.00
2026-07-30T12:20:01.767261,0.00
2026-07-30T12:20:02.767825,0.00
2026-07-30T12:20:03.768397,0.00
2026-07-30T12:20:04.768952,0.00
2026-07-30T12:20:05.769488,0.00
2026-07-30T12:20:06.770043,0.00
2026-07-30T12:20:07.770537,0.00
2026-07-30T12:20:08.770944,0.00
2026-07-30T12:20:09.771471,0.00
2026-07-30T12:20:10.771967,0.00
2026-07-30T12:20:11.772457,0.00
2026-07-30T12:20:12.772909,0.00
2026-07-30T12:20:13.773488,0.00
2026-07-30T12:20:14.773943,0.00
2026-07-30T12:20:15.774489,0.00
2026-07-30T12:20:16.774940,0.00
2026-07-30T12:20:17.775488,0.00
2026-07-30T12:20:18.776032,0.00
2026-07-30T12:20:19.776522,0.00
2026-07-30T12:20:20.777012,0.00
2026-07-30T12:20:21.777540,0.00
2026-07-30T12:20:22.777999,0.00
2026-07-30T12:20:23.778497,0.00
2026-07-30T12:20:24.779012,0.00
2026-07-30T12:20:25.779461,0.00
2026-07-30T12:20:26.779974,0.00
2026-07-30T12:20:27.780538,0.00
2026-07-30T12:20:28.781090,0.00
2026-07-30T12:20:29.781597,0.00
2026-07-30T12:20:30.782045,0.00
2026-07-30T12:20:31.782570,0.00
2026-07-30T12:20:32.783093,0.00
2026-07-30T12:20:33.783650,0.00
2026-07-30T12:20:34.784155,0.00
2026-07-30T12:20:35.784695,0.00
2026-07-30T12:20:36.785254,0.00
2026-07-30T12:20:37.785766,0.00
2026-07-30T12:20:38.786277,0.00
2026-07-30T12:20:39.786692,0.00
2026-07-30T12:20:40.787147,0.00
2026-07-30T12:20:41.787625,0.00
2026-07-30T12:20:42.788104,0.00
2026-07-30T12:20:43.788595,0.00
2026-07-30T12:20:44.789057,0.00
2026-07-30T12:20:45.789495,0.00
2026-07-30T12:20:46.789869,0.00
2026-07-30T12:20:47.790355,0.00
2026-07-30T12:20:48.790814,0.00
2026-07-30T12:20:49.791247,0.00
2026-07-30T12:20:50.791723,0.00
2026-07-30T12:20:51.792132,0.00
2026-07-30T12:20:52.792644,0.00
2026-07-30T12:20:53.793113,0.00
2026-07-30T12:20:54.793560,0.00
2026-07-30T12:20:55.793993,0.00
2026-07-30T12:20:56.794433,0.00
2026-07-30T12:20:57.794909,0.00
2026-07-30T12:20:58.795375,0.00
2026-07-30T12:20:59.795892,0.00
2026-07-30T12:21:00.796433,0.00
2026-07-30T12:21:01.796951,0.00
2026-07-30T12:21:02.797440,0.00
2026-07-30T12:21:03.797978,0.00
2026-07-30T12:21:04.798476,0.00
2026-07-30T12:21:05.798972,0.00
2026-07-30T12:21:06.799490,0.00
2026-07-30T12:21:07.799906,0.00
2026-07-30T12:21:08.800381,0.00
2026-07-30T12:21:09.800654,0.00
2026-07-30T12:21:10.801151,0.00
2026-07-30T12:21:11.801664,0.00
2026-07-30T12:21:12.802165,0.00
2026-07-30T12:21:13.802666,0.00
2026-07-30T12:21:14.803155,0.00
2026-07-30T12:21:15.803645,0.00
2026-07-30T12:21:16.804114,0.00
2026-07-30T12:21:17.804578,0.00
2026-07-30T12:21:18.805063,0.00
2026-07-30T12:21:19.805562,0.00
2026-07-30T12:21:20.806028,0.00
2026-07-30T12:21:21.806489,0.00
2026-07-30T12:21:22.806938,0.00
2026-07-30T12:21:23.807358,0.00
2026-07-30T12:21:24.807811,0.00
2026-07-30T12:21:25.808306,0.00
2026-07-30T12:21:26.808747,0.00
2026-07-30T12:21:27.809173,0.00
2026-07-30T12:21:28.809670,0.00
2026-07-30T12:21:29.810050,0.00
2026-07-30T12:21:30.810509,0.00
2026-07-30T12:21:31.810945,0.00
2026-07-30T12:21:32.811458,0.00
2026-07-30T12:21:33.811929,0.00
2026-07-30T12:21:34.812437,0.00
2026-07-30T12:21:35.812927,0.00
2026-07-30T12:21:36.813447,0.00
2026-07-30T12:21:37.813895,0.00
2026-07-30T12:21:38.814388,0.00
2026-07-30T12:21:39.814885,0.00
2026-07-30T12:21:40.815357,0.00
2026-07-30T12:21:41.815842,0.00
2026-07-30T12:21:42.816391,0.00
2026-07-30T12:21:43.816866,0.00
2026-07-30T12:21:44.817371,0.00
2026-07-30T12:21:45.817837,0.00
2026-07-30T12:21:46.818338,0.00
2026-07-30T12:21:47.818576,0.00
2026-07-30T12:21:48.819014,0.00
2026-07-30T12:21:49.819528,0.00
2026-07-30T12:21:50.820022,0.00
2026-07-30T12:21:51.820478,0.00
2026-07-30T12:21:52.820937,0.00
2026-07-30T12:21:53.821391,0.00
2026-07-30T12:21:54.821833,0.00
2026-07-30T12:21:55.822310,0.00
2026-07-30T12:21:56.822729,0.00
2026-07-30T12:21:57.823207,0.00
2026-07-30T12:21:58.823696,0.00
2026-07-30T12:21:59.824241,0.00
2026-07-30T12:22:00.824726,0.00
2026-07-30T12:22:01.825166,0.00
2026-07-30T12:22:02.825676,0.00
2026-07-30T12:22:03.826120,0.00
2026-07-30T12:22:04.826573,0.00
2026-07-30T12:22:05.827033,0.00
2026-07-30T12:22:06.827436,0.00
2026-07-30T12:22:07.827835,0.00
2026-07-30T12:22:08.828339,0.00
2026-07-30T12:22:09.828793,0.00
2026-07-30T12:22:10.829235,0.00
2026-07-30T12:22:11.829650,0.00
2026-07-30T12:22:12.830088,0.00
2026-07-30T12:22:13.830574,0.00
2026-07-30T12:22:14.831015,0.00
2026-07-30T12:22:15.831493,0.00
2026-07-30T12:22:16.831971,0.00
2026-07-30T12:22:17.832325,0.00
2026-07-30T12:22:18.832793,0.00
2026-07-30T12:22:19.833312,0.00
2026-07-30T12:22:20.833733,0.00
2026-07-30T12:22:21.834234,0.00
2026-07-30T12:22:22.834699,0.00
2026-07-30T12:22:23.835116,0.00
2026-07-30T12:22:24.835606,0.00
2026-07-30T12:22:25.835995,0.00
2026-07-30T12:22:26.836461,0.00
2026-07-30T12:22:27.836885,0.00
2026-07-30T12:22:28.837377,0.00
2026-07-30T12:22:29.837871,0.00
2026-07-30T12:22:30.838338,0.00
2026-07-30T12:22:31.838819,0.00
2026-07-30T12:22:32.839294,0.00
2026-07-30T12:22:33.839687,0.00
2026-07-30T12:22:34.840134,0.00
2026-07-30T12:22:35.840575,0.00
2026-07-30T12:22:36.841035,0.00
2026-07-30T12:22:37.841504,0.00
2026-07-30T12:22:38.841947,0.00
2026-07-30T12:22:39.842422,0.00
2026-07-30T12:22:40.842873,0.00
2026-07-30T12:22:41.843430,0.00
2026-07-30T12:22:42.843861,0.00
2026-07-30T12:22:43.844391,0.00
2026-07-30T12:22:44.844869,0.00
2026-07-30T12:22:45.845345,0.00
2026-07-30T12:22:46.845809,0.00
2026-07-30T12:22:47.846389,0.00
2026-07-30T12:22:48.846903,0.00
2026-07-30T12:22:49.847407,0.00
2026-07-30T12:22:50.847892,0.00
2026-07-30T12:22:51.848407,0.00
2026-07-30T12:22:52.848912,0.00
2026-07-30T12:22:53.849425,0.00
2026-07-30T12:22:54.849929,0.00
2026-07-30T12:22:55.850459,0.00
2026-07-30T12:22:56.850952,0.00
2026-07-30T12:22:57.851456,0.00
2026-07-30T12:22:58.851953,0.00
2026-07-30T12:22:59.852483,0.00
2026-07-30T12:23:00.853005,0.00
2026-07-30T12:23:01.853536,0.00
2026-07-30T12:23:02.854050,0.00
2026-07-30T12:23:03.854596,0.00
2026-07-30T12:23:04.855107,0.00
2026-07-30T12:23:05.855640,0.00
2026-07-30T12:23:06.856081,0.00
2026-07-30T12:23:07.856590,0.00
2026-07-30T12:23:08.857076,0.00
2026-07-30T12:23:09.857436,0.00
2026-07-30T12:23:10.857933,0.00
2026-07-30T12:23:11.858390,0.00
2026-07-30T12:23:12.858797,0.00
2026-07-30T12:23:13.859309,0.00
2026-07-30T12:23:14.859781,0.00
2026-07-30T12:23:15.860246,0.00
2026-07-30T12:23:16.860673,0.00
2026-07-30T12:23:17.861086,0.00
2026-07-30T12:23:18.861422,0.00
2026-07-30T12:23:19.861884,0.00
2026-07-30T12:23:20.862304,0.00
2026-07-30T12:23:21.862738,0.00
2026-07-30T12:23:22.863174,0.00
2026-07-30T12:23:23.863647,0.00
2026-07-30T12:23:24.863990,0.00
2026-07-30T12:23:25.864406,0.00
2026-07-30T12:23:26.864863,0.00
2026-07-30T12:23:27.865349,0.00
2026-07-30T12:23:28.865758,0.00
2026-07-30T12:23:29.866183,0.00
2026-07-30T12:23:30.866477,0.00
2026-07-30T12:23:31.866915,0.00
2026-07-30T12:23:32.867367,0.00
2026-07-30T12:23:33.867760,0.00
2026-07-30T12:23:34.868260,0.00
2026-07-30T12:23:35.868705,0.00
2026-07-30T12:23:36.869185,0.00
2026-07-30T12:23:37.869637,0.00
2026-07-30T12:23:38.870116,0.00
2026-07-30T12:23:39.870538,0.00
2026-07-30T12:23:40.870949,0.00
2026-07-30T12:23:41.871411,0.00
2026-07-30T12:23:42.871822,0.00
2026-07-30T12:23:43.872294,0.00
2026-07-30T12:23:44.872751,0.00
2026-07-30T12:23:45.873284,0.00
2026-07-30T12:23:46.873761,0.00
2026-07-30T12:23:47.874263,0.00
2026-07-30T12:23:48.874697,0.00
2026-07-30T12:23:49.875129,0.00
2026-07-30T12:23:50.875525,0.00
2026-07-30T12:23:51.876000,0.00
2026-07-30T12:23:52.876492,0.00
2026-07-30T12:23:53.876904,0.00
2026-07-30T12:23:54.877404,0.00
2026-07-30T12:23:55.877802,0.00
2026-07-30T12:23:56.878302,0.00
2026-07-30T12:23:57.878702,0.00
2026-07-30T12:23:58.879091,0.00
2026-07-30T12:23:59.879522,0.00
2026-07-30T12:24:00.879970,0.00
2026-07-30T12:24:01.880431,0.00
2026-07-30T12:24:02.880879,0.00
2026-07-30T12:24:03.881354,0.00
2026-07-30T12:24:04.881846,0.00
2026-07-30T12:24:05.882350,0.00
2026-07-30T12:24:06.882761,0.00
2026-07-30T12:24:07.883270,0.00
2026-07-30T12:24:08.883670,0.00
2026-07-30T12:24:09.884097,0.00
2026-07-30T12:24:10.884549,0.00
2026-07-30T12:24:11.885049,0.00
2026-07-30T12:24:12.885482,0.00
2026-07-30T12:24:13.885915,0.00
2026-07-30T12:24:14.886423,0.00
2026-07-30T12:24:15.886908,0.00
2026-07-30T12:24:16.887405,0.00
2026-07-30T12:24:17.887948,0.00
2026-07-30T12:24:18.888415,0.00
2026-07-30T12:24:19.888823,0.00
2026-07-30T12:24:20.889371,0.00
2026-07-30T12:24:21.889857,0.00
2026-07-30T12:24:22.890370,0.00
2026-07-30T12:24:23.890818,0.00
2026-07-30T12:24:24.891326,0.00
2026-07-30T12:24:25.891784,0.00
2026-07-30T12:24:26.892266,0.00
2026-07-30T12:24:27.892793,0.00
2026-07-30T12:24:28.893304,0.00
2026-07-30T12:24:29.893798,0.00
2026-07-30T12:24:30.894298,0.00
2026-07-30T12:24:31.894789,0.00
2026-07-30T12:24:32.895284,0.00
2026-07-30T12:24:33.895753,0.00
2026-07-30T12:24:34.896247,0.00
2026-07-30T12:24:35.896753,0.00
2026-07-30T12:24:36.897137,0.00
2026-07-30T12:24:37.897626,0.00
2026-07-30T12:24:38.898110,0.00
2026-07-30T12:24:39.898598,0.00
2026-07-30T12:24:40.899055,0.00
2026-07-30T12:24:41.899537,0.00
2026-07-30T12:24:42.899943,0.00
2026-07-30T12:24:43.900392,0.00
2026-07-30T12:24:44.900778,0.00
2026-07-30T12:24:45.901243,0.00
2026-07-30T12:24:46.901699,0.00
2026-07-30T12:24:47.902220,0.00
2026-07-30T12:24:48.902576,0.00
2026-07-30T12:24:49.903031,0.00
2026-07-30T12:24:50.903333,0.00
2026-07-30T12:24:51.903682,0.00
2026-07-30T12:24:52.904130,0.00
2026-07-30T12:24:53.904614,0.00
2026-07-30T12:24:54.905060,0.00
2026-07-30T12:24:55.905532,0.00
2026-07-30T12:24:56.905956,0.00
2026-07-30T12:24:57.906406,0.00
2026-07-30T12:24:58.906858,0.00
2026-07-30T12:24:59.907395,0.00
2026-07-30T12:25:00.907769,0.00
2026-07-30T12:25:01.908271,0.00
2026-07-30T12:25:02.908719,0.00
2026-07-30T12:25:03.909177,0.00
2026-07-30T12:25:04.909693,0.00
2026-07-30T12:25:05.910181,0.00
2026-07-30T12:25:06.910699,0.00
2026-07-30T12:25:07.911187,0.00
2026-07-30T12:25:08.911644,0.00
2026-07-30T12:25:09.912102,0.00
2026-07-30T12:25:10.912610,0.00
2026-07-30T12:25:11.913138,0.00
2026-07-30T12:25:12.913641,0.00
2026-07-30T12:25:13.914150,0.00
2026-07-30T12:25:14.914667,0.00
2026-07-30T12:25:15.915125,0.00
2026-07-30T12:25:16.915570,0.00
2026-07-30T12:25:17.916059,0.00
2026-07-30T12:25:18.916475,0.00
2026-07-30T12:25:19.916983,0.00
2026-07-30T12:25:20.917458,0.00
2026-07-30T12:25:21.917949,0.00
2026-07-30T12:25:22.918437,0.00
2026-07-30T12:25:23.918911,0.00
2026-07-30T12:25:24.919305,0.00
2026-07-30T12:25:25.919627,0.00
2026-07-30T12:25:26.920085,0.00
2026-07-30T12:25:27.920542,0.00
2026-07-30T12:25:28.920976,0.00
2026-07-30T12:25:29.921470,0.00
2026-07-30T12:25:30.921895,0.00
2026-07-30T12:25:31.922371,0.00
2026-07-30T12:25:32.922729,0.00
2026-07-30T12:25:33.923111,0.00
2026-07-30T12:25:34.923622,0.00
2026-07-30T12:25:35.924088,0.00
2026-07-30T12:25:36.924546,0.00
2026-07-30T12:25:37.925042,0.00
2026-07-30T12:25:38.925559,0.00
2026-07-30T12:25:39.926023,0.00
2026-07-30T12:25:40.926379,0.00
2026-07-30T12:25:41.926807,0.00
2026-07-30T12:25:42.927305,0.00
2026-07-30T12:25:43.927774,0.00
2026-07-30T12:25:44.928311,0.00
2026-07-30T12:25:45.928754,0.00
2026-07-30T12:25:46.929239,0.00
2026-07-30T12:25:47.929698,0.00
2026-07-30T12:25:48.930146,0.00
2026-07-30T12:25:49.930621,0.00
2026-07-30T12:25:50.931073,0.00
2026-07-30T12:25:51.931481,0.00
2026-07-30T12:25:52.931867,0.00
2026-07-30T12:25:53.932374,0.00
2026-07-30T12:25:54.932853,0.00
2026-07-30T12:25:55.933384,0.00
2026-07-30T12:25:56.933872,0.00
2026-07-30T12:25:57.934393,0.00
2026-07-30T12:25:58.934870,0.00
2026-07-30T12:25:59.935409,0.00
2026-07-30T12:26:00.935856,0.00
2026-07-30T12:26:01.936389,0.00
2026-07-30T12:26:02.936866,0.00
2026-07-30T12:26:03.937391,0.00
2026-07-30T12:26:04.937841,0.00
2026-07-30T12:26:05.938309,0.00
2026-07-30T12:26:06.938688,0.00
2026-07-30T12:26:07.939108,0.00
2026-07-30T12:26:08.939533,0.00
2026-07-30T12:26:09.939990,0.00
2026-07-30T12:26:10.940482,0.00
2026-07-30T12:26:11.940992,0.00
2026-07-30T12:26:12.941466,0.00
2026-07-30T12:26:13.941977,0.00
2026-07-30T12:26:14.942372,0.00
2026-07-30T12:26:15.942744,0.00
2026-07-30T12:26:16.943287,0.00
2026-07-30T12:26:17.943776,0.00
2026-07-30T12:26:18.944251,0.00
2026-07-30T12:26:19.944744,0.00
2026-07-30T12:26:20.945282,0.00
2026-07-30T12:26:21.945759,0.00
2026-07-30T12:26:22.946276,0.00
2026-07-30T12:26:23.946698,0.00
2026-07-30T12:26:24.947173,0.00
2026-07-30T12:26:25.947657,0.00
2026-07-30T12:26:26.948120,0.00
2026-07-30T12:26:27.948624,0.00
2026-07-30T12:26:28.949109,0.00
2026-07-30T12:26:29.949612,0.00
2026-07-30T12:26:30.950077,0.00
2026-07-30T12:26:31.950545,0.00
2026-07-30T12:26:32.950992,0.00
2026-07-30T12:26:33.951457,0.00
2026-07-30T12:26:34.951965,0.00
2026-07-30T12:26:35.952444,0.00
2026-07-30T12:26:36.952896,0.00
2026-07-30T12:26:37.953350,0.00
2026-07-30T12:26:38.953862,0.00
2026-07-30T12:26:39.954283,0.00
2026-07-30T12:26:40.954751,0.00
2026-07-30T12:26:41.955174,0.00
2026-07-30T12:26:42.955659,0.00
2026-07-30T12:26:43.956099,0.00
2026-07-30T12:26:44.956506,0.00
2026-07-30T12:26:45.956975,0.00
2026-07-30T12:26:46.957441,0.00
2026-07-30T12:26:47.957916,0.00
2026-07-30T12:26:48.958380,0.00
2026-07-30T12:26:49.958868,0.00
2026-07-30T12:26:50.959367,0.00
2026-07-30T12:26:51.959789,0.00
2026-07-30T12:26:52.960163,0.00
2026-07-30T12:26:53.960669,0.00
2026-07-30T12:26:54.961128,0.00
2026-07-30T12:26:55.961637,0.00
2026-07-30T12:26:56.962139,0.00
2026-07-30T12:26:57.962654,0.00
2026-07-30T12:26:58.963111,0.00
2026-07-30T12:26:59.963627,0.00
2026-07-30T12:27:00.964094,0.00
2026-07-30T12:27:01.964565,0.00
2026-07-30T12:27:02.965040,0.00
2026-07-30T12:27:03.965494,0.00
2026-07-30T12:27:04.965957,0.00
2026-07-30T12:27:05.966477,0.00
2026-07-30T12:27:06.966898,0.00
2026-07-30T12:27:07.967391,0.00
2026-07-30T12:27:08.967828,0.00
2026-07-30T12:27:09.968279,0.00
2026-07-30T12:27:10.968754,0.00
2026-07-30T12:27:11.969253,0.00
2026-07-30T12:27:12.969715,0.00
2026-07-30T12:27:13.970266,0.00
2026-07-30T12:27:14.970671,0.00
2026-07-30T12:27:15.971096,0.00
2026-07-30T12:27:16.971490,0.00
2026-07-30T12:27:17.971923,0.00
2026-07-30T12:27:18.972416,0.00
2026-07-30T12:27:19.972877,0.00
2026-07-30T12:27:20.973390,0.00
2026-07-30T12:27:21.973858,0.00
2026-07-30T12:27:22.974294,0.00
2026-07-30T12:27:23.974779,0.00
2026-07-30T12:27:24.975253,0.00
2026-07-30T12:27:25.975718,0.00
2026-07-30T12:27:26.976178,0.00
2026-07-30T12:27:27.976713,0.00
2026-07-30T12:27:28.977177,0.00
2026-07-30T12:27:29.977622,0.00
2026-07-30T12:27:30.978031,0.00
2026-07-30T12:27:31.978482,0.00
2026-07-30T12:27:32.978986,0.00
2026-07-30T12:27:33.979425,0.00
2026-07-30T12:27:34.979875,0.00
2026-07-30T12:27:35.980336,0.00
2026-07-30T12:27:36.980725,0.00
2026-07-30T12:27:37.981239,0.00
2026-07-30T12:27:38.981618,0.00
2026-07-30T12:27:39.982034,0.00
2026-07-30T12:27:40.982475,0.00
2026-07-30T12:27:41.982946,0.00
2026-07-30T12:27:42.983451,0.00
2026-07-30T12:27:43.983946,0.00
2026-07-30T12:27:44.984373,0.00
2026-07-30T12:27:45.984866,0.00
2026-07-30T12:27:46.985391,0.00
2026-07-30T12:27:47.985847,0.00
2026-07-30T12:27:48.986315,0.00
2026-07-30T12:27:49.986803,0.00
2026-07-30T12:27:50.987282,0.00
2026-07-30T12:27:51.987725,0.00
2026-07-30T12:27:52.988177,0.00
2026-07-30T12:27:53.988702,0.00
2026-07-30T12:27:54.989258,0.00
2026-07-30T12:27:55.989771,0.00
2026-07-30T12:27:56.990300,0.00
2026-07-30T12:27:57.990817,0.00
2026-07-30T12:27:58.991334,0.00
2026-07-30T12:27:59.991831,0.00
2026-07-30T12:28:00.992367,0.00
2026-07-30T12:28:01.992878,0.00
2026-07-30T12:28:02.993413,0.00
2026-07-30T12:28:03.993924,0.00
2026-07-30T12:28:04.994458,0.00
2026-07-30T12:28:05.994945,0.00
2026-07-30T12:28:06.995452,0.00
2026-07-30T12:28:07.995999,0.00
2026-07-30T12:28:08.996478,0.00
2026-07-30T12:28:09.996983,0.00
2026-07-30T12:28:10.997547,0.00
2026-07-30T12:28:11.998022,0.00
2026-07-30T12:28:12.998525,0.00
2026-07-30T12:28:13.999006,0.00
2026-07-30T12:28:14.999476,0.00
2026-07-30T12:28:15.999982,0.00
2026-07-30T12:28:17.000441,0.00
2026-07-30T12:28:18.000930,0.00
2026-07-30T12:28:19.001433,0.00
2026-07-30T12:28:20.001936,0.00
2026-07-30T12:28:21.002424,0.00
2026-07-30T12:28:22.002878,0.00
2026-07-30T12:28:23.003380,0.00
2026-07-30T12:28:24.003858,0.00
2026-07-30T12:28:25.004363,0.00
2026-07-30T12:28:26.004861,0.00
2026-07-30T12:28:27.005394,0.00
2026-07-30T12:28:28.005871,0.00
2026-07-30T12:28:29.006373,0.00
2026-07-30T12:28:30.006737,0.00
2026-07-30T12:28:31.007258,0.00
2026-07-30T12:28:32.007756,0.00
2026-07-30T12:28:33.008288,0.00
2026-07-30T12:28:34.008833,0.00
2026-07-30T12:28:35.009363,0.00
2026-07-30T12:28:36.009887,0.00
2026-07-30T12:28:37.010456,0.00
2026-07-30T12:28:38.010898,0.00
2026-07-30T12:28:39.011393,0.00
2026-07-30T12:28:40.011920,0.00
2026-07-30T12:28:41.012480,0.00
2026-07-30T12:28:42.012984,0.00
2026-07-30T12:28:43.013516,0.00
2026-07-30T12:28:44.014037,0.00
2026-07-30T12:28:45.014572,0.00
2026-07-30T12:28:46.015019,0.00
2026-07-30T12:28:47.015499,0.00
2026-07-30T12:28:48.016018,0.00
2026-07-30T12:28:49.016464,0.00
2026-07-30T12:28:50.016943,0.00
2026-07-30T12:28:51.017483,0.00
2026-07-30T12:28:52.017980,0.00
2026-07-30T12:28:53.018519,0.00
2026-07-30T12:28:54.018991,0.00
2026-07-30T12:28:55.019438,0.00
2026-07-30T12:28:56.019938,0.00
2026-07-30T12:28:57.020452,0.00
2026-07-30T12:28:58.021007,0.00
2026-07-30T12:28:59.021537,0.00
2026-07-30T12:29:00.022008,0.00
2026-07-30T12:29:01.022519,0.00
2026-07-30T12:29:02.022984,0.00
2026-07-30T12:29:03.023477,0.00
2026-07-30T12:29:04.023987,0.00
2026-07-30T12:29:05.024514,0.00
2026-07-30T12:29:06.025020,0.00
2026-07-30T12:29:07.025411,0.00
2026-07-30T12:29:08.025855,0.00
2026-07-30T12:29:09.026324,0.00
2026-07-30T12:29:10.026833,0.00
2026-07-30T12:29:11.027360,0.00
2026-07-30T12:29:12.027865,0.00
2026-07-30T12:29:13.028376,0.00
2026-07-30T12:29:14.028895,0.00
2026-07-30T12:29:15.029368,0.00
2026-07-30T12:29:16.029814,0.00
2026-07-30T12:29:17.030388,0.00
2026-07-30T12:29:18.030876,0.00
2026-07-30T12:29:19.031398,0.00
2026-07-30T12:29:20.031922,0.00
2026-07-30T12:29:21.032461,0.00
2026-07-30T12:29:22.032919,0.00
2026-07-30T12:29:23.033482,0.00
2026-07-30T12:29:24.034049,0.00
2026-07-30T12:29:25.034467,0.00
2026-07-30T12:29:26.034776,0.00
2026-07-30T12:29:27.035006,0.00
2026-07-30T12:29:28.035209,0.00
2026-07-30T12:29:29.035541,0.00
2026-07-30T12:29:30.036062,0.00
2026-07-30T12:29:31.036566,0.00
2026-07-30T12:29:32.037046,0.00
2026-07-30T12:29:33.037537,0.00
2026-07-30T12:29:34.038027,0.00
2026-07-30T12:29:35.038495,0.00
2026-07-30T12:29:36.038918,0.00
2026-07-30T12:29:37.039399,0.00
2026-07-30T12:29:38.039899,0.00
2026-07-30T12:29:39.040453,0.00
2026-07-30T12:29:40.040968,0.00
2026-07-30T12:29:41.041445,0.00
2026-07-30T12:29:42.041926,0.00
2026-07-30T12:29:43.042418,0.00
2026-07-30T12:29:44.042864,0.00
2026-07-30T12:29:45.043376,0.00
2026-07-30T12:29:46.043621,0.00
2026-07-30T12:29:47.044065,0.00
2026-07-30T12:29:48.044560,0.00
2026-07-30T12:29:49.044950,0.00
2026-07-30T12:29:50.045442,0.00
2026-07-30T12:29:51.045861,0.00
2026-07-30T12:29:52.046459,0.00
2026-07-30T12:29:53.046858,0.00
2026-07-30T12:29:54.047276,0.00
2026-07-30T12:29:55.047687,0.00
2026-07-30T12:29:56.048111,0.00
2026-07-30T12:29:57.048580,0.00
2026-07-30T12:29:58.049041,0.00
2026-07-30T12:29:59.049515,0.00
2026-07-30T12:30:00.049867,0.00
2026-07-30T12:30:01.050359,0.00
2026-07-30T12:30:02.050762,0.00
2026-07-30T12:30:03.051169,0.00
2026-07-30T12:30:04.051661,0.00
2026-07-30T12:30:05.052124,0.00
2026-07-30T12:30:06.052624,0.00
2026-07-30T12:30:07.053074,0.00
2026-07-30T12:30:08.053570,0.00
2026-07-30T12:30:09.054045,0.00
2026-07-30T12:30:10.054570,0.00
2026-07-30T12:30:11.055083,0.00
2026-07-30T12:30:12.055553,0.00
2026-07-30T12:30:13.055995,0.00
2026-07-30T12:30:14.056462,0.00
2026-07-30T12:30:15.056704,0.00
2026-07-30T12:30:16.057124,0.00
2026-07-30T12:30:17.057687,0.00
2026-07-30T12:30:18.058246,0.00
2026-07-30T12:30:19.058727,0.00
2026-07-30T12:30:20.059236,0.00
2026-07-30T12:30:21.059686,0.00
2026-07-30T12:30:22.060173,0.00
2026-07-30T12:30:23.060641,0.00
2026-07-30T12:30:24.061179,0.00
2026-07-30T12:30:25.061755,0.00
2026-07-30T12:30:26.062246,0.00
2026-07-30T12:30:27.062663,0.00
2026-07-30T12:30:28.063167,0.00
2026-07-30T12:30:29.063693,0.00
2026-07-30T12:30:30.064114,0.00
2026-07-30T12:30:31.064689,0.00
2026-07-30T12:30:32.065218,0.00
2026-07-30T12:30:33.065714,0.00
2026-07-30T12:30:34.066238,0.00
2026-07-30T12:30:35.066730,0.00
2026-07-30T12:30:36.067243,0.00
2026-07-30T12:30:37.067756,0.00
2026-07-30T12:30:38.068314,0.00
2026-07-30T12:30:39.068868,0.00
2026-07-30T12:30:40.069476,0.00
2026-07-30T12:30:41.070014,0.00
2026-07-30T12:30:42.070548,0.00
2026-07-30T12:30:43.071020,0.00
2026-07-30T12:30:44.071542,0.00
2026-07-30T12:30:45.072064,0.00
2026-07-30T12:30:46.072584,0.00
2026-07-30T12:30:47.073089,0.00
2026-07-30T12:30:48.073563,0.00
2026-07-30T12:30:49.073916,0.00
2026-07-30T12:30:50.074399,0.00
2026-07-30T12:30:51.074889,0.00
2026-07-30T12:30:52.075406,0.00
2026-07-30T12:30:53.075907,0.00
2026-07-30T12:30:54.076478,0.00
2026-07-30T12:30:55.077027,0.00
2026-07-30T12:30:56.077516,0.00
2026-07-30T12:30:57.077898,0.00
2026-07-30T12:30:58.078382,0.00
2026-07-30T12:30:59.078896,0.00
2026-07-30T12:31:00.079388,0.00
2026-07-30T12:31:01.079899,0.00
2026-07-30T12:31:02.080452,0.00
2026-07-30T12:31:03.081013,0.00
2026-07-30T12:31:04.081562,0.00
2026-07-30T12:31:05.082112,0.00
2026-07-30T12:31:06.082665,0.00
2026-07-30T12:31:07.083241,0.00
2026-07-30T12:31:08.083802,0.00
2026-07-30T12:31:09.084380,0.00
2026-07-30T12:31:10.084824,0.00
2026-07-30T12:31:11.085338,0.00
2026-07-30T12:31:12.085874,0.00
2026-07-30T12:31:13.086440,0.00
2026-07-30T12:31:14.086973,0.00
2026-07-30T12:31:15.087574,0.00
2026-07-30T12:31:16.088099,0.00
2026-07-30T12:31:17.088682,0.00
2026-07-30T12:31:18.089084,0.00
2026-07-30T12:31:19.089546,0.00
2026-07-30T12:31:20.090062,0.00
2026-07-30T12:31:21.090462,0.00
2026-07-30T12:31:22.090941,0.00
2026-07-30T12:31:23.091438,0.00
2026-07-30T12:31:24.091912,0.00
2026-07-30T12:31:25.092460,0.00
2026-07-30T12:31:26.092944,0.00
2026-07-30T12:31:27.093429,0.00
2026-07-30T12:31:28.093829,0.00
2026-07-30T12:31:29.094351,0.00
2026-07-30T12:31:30.094839,0.00
2026-07-30T12:31:31.095276,0.00
2026-07-30T12:31:32.095746,0.00
2026-07-30T12:31:33.096261,0.00
2026-07-30T12:31:34.096800,0.00
2026-07-30T12:31:35.097244,0.00
2026-07-30T12:31:36.097682,0.00
2026-07-30T12:31:37.098241,0.00
2026-07-30T12:31:38.098678,0.00
2026-07-30T12:31:39.099256,0.00
2026-07-30T12:31:40.099748,0.00
2026-07-30T12:31:41.100150,0.00
2026-07-30T12:31:42.100411,0.00
2026-07-30T12:31:43.100556,0.00
2026-07-30T12:31:44.101003,0.00
2026-07-30T12:31:45.101556,0.00
2026-07-30T12:31:46.102004,0.00
2026-07-30T12:31:47.102442,0.00
2026-07-30T12:31:48.102737,0.00
2026-07-30T12:31:49.103248,0.00
2026-07-30T12:31:50.103722,0.00
2026-07-30T12:31:51.104138,0.00
2026-07-30T12:31:52.104680,0.00
2026-07-30T12:31:53.105254,0.00
2026-07-30T12:31:54.105737,0.00
2026-07-30T12:31:55.106301,0.00
2026-07-30T12:31:56.106838,0.00
2026-07-30T12:31:57.107394,0.00
2026-07-30T12:31:58.107917,0.00
2026-07-30T12:31:59.108323,0.00
2026-07-30T12:32:00.108807,0.00
2026-07-30T12:32:01.109370,0.00
2026-07-30T12:32:02.109856,0.00
2026-07-30T12:32:03.110402,0.00
2026-07-30T12:32:04.110924,0.00
2026-07-30T12:32:05.111381,0.00
2026-07-30T12:32:06.111860,0.00
2026-07-30T12:32:07.112385,0.00
2026-07-30T12:32:08.112877,0.00
2026-07-30T12:32:09.113385,0.00
2026-07-30T12:32:10.113901,0.00
2026-07-30T12:32:11.114421,0.00
2026-07-30T12:32:12.114893,0.00
2026-07-30T12:32:13.115381,0.00
2026-07-30T12:32:14.115865,0.00
2026-07-30T12:32:15.116350,0.00
2026-07-30T12:32:16.116828,0.00
2026-07-30T12:32:17.117371,0.00
2026-07-30T12:32:18.117795,0.00
2026-07-30T12:32:19.118335,0.00
2026-07-30T12:32:20.118818,0.00
2026-07-30T12:32:21.119342,0.00
2026-07-30T12:32:22.119825,0.00
2026-07-30T12:32:23.120351,0.00
2026-07-30T12:32:24.120850,0.00
2026-07-30T12:32:25.121332,0.00
2026-07-30T12:32:26.121745,0.00
2026-07-30T12:32:27.122242,0.00
2026-07-30T12:32:28.122714,0.00
2026-07-30T12:32:29.123175,0.00
2026-07-30T12:32:30.123682,0.00
2026-07-30T12:32:31.124233,0.00
2026-07-30T12:32:32.124610,0.00
2026-07-30T12:32:33.125009,0.00
2026-07-30T12:32:34.125561,0.00
2026-07-30T12:32:35.126142,0.00
2026-07-30T12:32:36.126783,0.00
2026-07-30T12:32:37.127367,0.00
2026-07-30T12:32:38.127870,0.00
2026-07-30T12:32:39.128286,0.00
2026-07-30T12:32:40.128707,0.00
2026-07-30T12:32:41.129324,0.00
2026-07-30T12:32:42.129861,0.00
2026-07-30T12:32:43.130293,0.00
2026-07-30T12:32:44.130661,0.00
2026-07-30T12:32:45.131167,0.00
2026-07-30T12:32:46.131677,0.00
2026-07-30T12:32:47.132165,0.00
2026-07-30T12:32:48.132836,0.00
2026-07-30T12:32:49.133440,0.00
2026-07-30T12:32:50.133824,0.00
2026-07-30T12:32:51.134369,0.00
2026-07-30T12:32:52.134761,0.00
2026-07-30T12:32:53.135374,0.00
2026-07-30T12:32:54.135881,0.00
2026-07-30T12:32:55.136480,0.00
2026-07-30T12:32:56.137016,0.00
2026-07-30T12:32:57.137545,0.00
2026-07-30T12:32:58.138082,0.00
2026-07-30T12:32:59.138667,0.00
2026-07-30T12:33:00.139182,0.00
2026-07-30T12:33:01.139767,0.00
2026-07-30T12:33:02.140317,0.00
2026-07-30T12:33:03.140853,0.00
2026-07-30T12:33:04.141269,0.00
2026-07-30T12:33:05.141762,0.00
2026-07-30T12:33:06.142281,0.00
2026-07-30T12:33:07.142522,0.00
2026-07-30T12:33:08.142995,0.00
2026-07-30T12:33:09.143492,0.00
2026-07-30T12:33:10.144060,0.00
2026-07-30T12:33:11.144481,0.00
2026-07-30T12:33:12.144967,0.00
2026-07-30T12:33:13.145494,0.00
2026-07-30T12:33:14.145824,0.00
2026-07-30T12:33:15.146353,0.00
2026-07-30T12:33:16.146963,0.00
2026-07-30T12:33:17.147408,0.00
2026-07-30T12:33:18.147814,0.00
2026-07-30T12:33:19.148371,0.00
2026-07-30T12:33:20.148887,0.00
2026-07-30T12:33:21.149311,0.00
2026-07-30T12:33:22.149916,0.00
2026-07-30T12:33:23.150461,0.00
2026-07-30T12:33:24.151023,0.00
2026-07-30T12:33:25.151561,0.00
2026-07-30T12:33:26.152131,0.00
2026-07-30T12:33:27.152641,0.00
2026-07-30T12:33:28.153284,0.00
2026-07-30T12:33:29.153882,0.00
2026-07-30T12:33:30.154445,0.00
2026-07-30T12:33:31.154841,0.00
2026-07-30T12:33:32.155429,0.00
2026-07-30T12:33:33.155998,0.00
2026-07-30T12:33:34.156392,0.00
2026-07-30T12:33:35.156977,0.00
2026-07-30T12:33:36.157469,0.00
2026-07-30T12:33:37.158015,0.00
2026-07-30T12:33:38.158585,0.00
2026-07-30T12:33:39.159146,0.00
2026-07-30T12:33:40.159728,0.00
2026-07-30T12:33:41.160237,0.00
2026-07-30T12:33:42.160546,0.00
2026-07-30T12:33:43.160848,0.00
2026-07-30T12:33:44.161363,0.00
2026-07-30T12:33:45.161933,0.00
2026-07-30T12:33:46.162527,0.00
2026-07-30T12:33:47.163124,0.00
2026-07-30T12:33:48.163713,0.00
2026-07-30T12:33:49.164298,0.00
2026-07-30T12:33:50.164827,0.00
2026-07-30T12:33:51.165322,0.00
2026-07-30T12:33:52.165943,0.00
2026-07-30T12:33:53.166490,0.00
2026-07-30T12:33:54.167055,0.00
2026-07-30T12:33:55.167730,0.00
2026-07-30T12:33:56.168347,0.00
2026-07-30T12:33:57.168787,0.00
2026-07-30T12:33:58.169304,0.00
2026-07-30T12:33:59.169698,0.00
2026-07-30T12:34:00.170310,0.00
2026-07-30T12:34:01.170888,0.00
2026-07-30T12:34:02.171431,0.00
2026-07-30T12:34:03.171957,0.00
2026-07-30T12:34:04.172486,0.00
2026-07-30T12:34:05.172922,0.00
2026-07-30T12:34:06.173471,0.00
2026-07-30T12:34:07.174045,0.00
2026-07-30T12:34:08.174585,0.00
2026-07-30T12:34:09.175155,0.00
2026-07-30T12:34:10.175597,0.00
2026-07-30T12:34:11.175998,0.00
2026-07-30T12:34:12.176571,0.00
2026-07-30T12:34:13.176999,0.00
2026-07-30T12:34:14.177468,0.00
2026-07-30T12:34:15.177965,0.00
2026-07-30T12:34:16.178471,0.00
2026-07-30T12:34:17.178801,0.00
2026-07-30T12:34:18.179113,0.00
2026-07-30T12:34:19.179643,0.00
2026-07-30T12:34:20.180074,0.00
2026-07-30T12:34:21.180823,0.00
2026-07-30T12:34:22.181244,0.00
2026-07-30T12:34:23.181681,0.00
2026-07-30T12:34:24.182258,0.00
2026-07-30T12:34:25.182650,0.00
2026-07-30T12:34:26.183174,0.00
2026-07-30T12:34:27.183634,0.00
2026-07-30T12:34:28.184052,0.00
2026-07-30T12:34:29.184478,0.00
2026-07-30T12:34:30.185074,0.00
2026-07-30T12:34:31.185570,0.00
2026-07-30T12:34:32.185991,0.00
2026-07-30T12:34:33.186538,0.00
2026-07-30T12:34:34.186924,0.00
2026-07-30T12:34:35.187338,0.00
2026-07-30T12:34:36.187860,0.00
2026-07-30T12:34:37.188489,0.00
2026-07-30T12:34:38.188901,0.00
2026-07-30T12:34:39.189449,0.00
2026-07-30T12:34:40.189913,0.00
2026-07-30T12:34:41.190494,0.00
2026-07-30T12:34:42.190937,0.00
2026-07-30T12:34:43.191533,0.00
2026-07-30T12:34:44.192093,0.00
2026-07-30T12:34:45.192516,0.00
2026-07-30T12:34:46.193057,0.00
2026-07-30T12:34:47.193634,0.00
2026-07-30T12:34:48.194230,0.00
2026-07-30T12:34:49.194747,0.00
2026-07-30T12:34:50.195152,0.00
2026-07-30T12:34:51.195669,0.00
2026-07-30T12:34:52.196169,0.00
2026-07-30T12:34:53.196746,0.00
2026-07-30T12:34:54.197043,0.00
2026-07-30T12:34:55.197474,0.00
2026-07-30T12:34:56.198005,0.00
2026-07-30T12:34:57.198572,0.00
2026-07-30T12:34:58.199117,0.00
2026-07-30T12:34:59.199689,0.00
2026-07-30T12:35:00.200305,0.00
2026-07-30T12:35:01.200909,0.00
2026-07-30T12:35:02.201361,0.00
2026-07-30T12:35:03.201913,0.00
2026-07-30T12:35:04.202454,0.00
2026-07-30T12:35:05.202873,0.00
2026-07-30T12:35:06.203412,0.00
2026-07-30T12:35:07.203815,0.00
2026-07-30T12:35:08.204242,0.00
2026-07-30T12:35:09.204705,0.00
2026-07-30T12:35:10.205270,0.00
2026-07-30T12:35:11.205662,0.00
2026-07-30T12:35:12.206134,0.00
2026-07-30T12:35:13.206681,0.00
2026-07-30T12:35:14.207103,0.00
2026-07-30T12:35:15.207627,0.00
2026-07-30T12:35:16.208090,0.00
2026-07-30T12:35:17.208725,0.00
2026-07-30T12:35:18.209294,0.00
2026-07-30T12:35:19.209739,0.00
2026-07-30T12:35:20.210158,0.00
2026-07-30T12:35:21.210678,0.00
2026-07-30T12:35:22.210985,0.00
2026-07-30T12:35:23.211201,0.00
2026-07-30T12:35:24.211679,0.00
2026-07-30T12:35:25.212175,0.00
2026-07-30T12:35:26.212717,0.00
2026-07-30T12:35:27.213269,0.00
2026-07-30T12:35:28.213754,0.00
2026-07-30T12:35:29.214118,0.00
2026-07-30T12:35:30.214621,0.00
2026-07-30T12:35:31.214925,0.00
2026-07-30T12:35:32.215265,0.00
2026-07-30T12:35:33.215799,0.00
2026-07-30T12:35:34.216323,0.00
2026-07-30T12:35:35.216858,0.00
2026-07-30T12:35:36.217453,0.00
2026-07-30T12:35:37.217893,0.00
2026-07-30T12:35:38.218487,0.00
2026-07-30T12:35:39.218864,0.00
2026-07-30T12:35:40.219383,0.00
2026-07-30T12:35:41.219905,0.00
2026-07-30T12:35:42.220453,0.00
2026-07-30T12:35:43.221104,0.00
2026-07-30T12:35:44.221553,0.00
2026-07-30T12:35:45.222065,0.00
2026-07-30T12:35:46.222574,0.00
2026-07-30T12:35:47.223105,0.00
2026-07-30T12:35:48.223568,0.00
2026-07-30T12:35:49.224124,0.00
2026-07-30T12:35:50.224727,0.00
2026-07-30T12:35:51.225259,0.00
2026-07-30T12:35:52.225807,0.00
2026-07-30T12:35:53.226377,0.00
2026-07-30T12:35:54.226968,0.00
2026-07-30T12:35:55.227483,0.00
2026-07-30T12:35:56.227853,0.00
2026-07-30T12:35:57.228378,0.00
2026-07-30T12:35:58.228900,0.00
2026-07-30T12:35:59.229487,0.00
2026-07-30T12:36:00.229937,0.00
2026-07-30T12:36:01.230506,0.00
2026-07-30T12:36:02.230995,0.00
2026-07-30T12:36:03.231356,0.00
2026-07-30T12:36:04.231719,0.00
2026-07-30T12:36:05.232008,0.00
2026-07-30T12:36:06.232254,0.00
2026-07-30T12:36:07.232482,0.00
2026-07-30T12:36:08.232998,0.00
2026-07-30T12:36:09.233508,0.00
2026-07-30T12:36:10.233923,0.00
2026-07-30T12:36:11.234473,0.00
2026-07-30T12:36:12.234983,0.00
2026-07-30T12:36:13.235520,0.00
2026-07-30T12:36:14.236054,0.00
2026-07-30T12:36:15.236457,0.00
2026-07-30T12:36:16.236845,0.00
2026-07-30T12:36:17.237468,0.00
2026-07-30T12:36:18.238067,0.00
2026-07-30T12:36:19.238596,0.00
2026-07-30T12:36:20.238989,0.00
2026-07-30T12:36:21.239495,0.00
2026-07-30T12:36:22.239871,0.00
2026-07-30T12:36:23.240394,0.00
2026-07-30T12:36:24.240867,0.00
2026-07-30T12:36:25.241468,0.00
2026-07-30T12:36:26.242019,0.00
2026-07-30T12:36:27.242549,0.00
2026-07-30T12:36:28.243085,0.00
2026-07-30T12:36:29.243631,0.00
2026-07-30T12:36:30.244351,0.00
2026-07-30T12:36:31.244798,0.00
2026-07-30T12:36:32.245324,0.00
2026-07-30T12:36:33.245848,0.00
2026-07-30T12:36:34.246303,0.00
2026-07-30T12:36:35.246698,0.00
2026-07-30T12:36:36.247287,0.00
2026-07-30T12:36:37.248029,0.00
2026-07-30T12:36:38.248505,0.00
2026-07-30T12:36:39.248903,0.00
2026-07-30T12:36:40.249428,0.00
2026-07-30T12:36:41.249871,0.00
2026-07-30T12:36:42.250245,0.00
2026-07-30T12:36:43.250548,0.00
2026-07-30T12:36:44.251144,0.00
2026-07-30T12:36:45.251727,0.00
2026-07-30T12:36:46.252100,0.00
2026-07-30T12:36:47.252475,0.00
2026-07-30T12:36:48.252965,0.00
2026-07-30T12:36:49.253459,0.00
2026-07-30T12:36:50.253864,0.00
2026-07-30T12:36:51.254281,0.00
2026-07-30T12:36:52.254726,0.00
2026-07-30T12:36:53.255283,0.00
2026-07-30T12:36:54.255815,0.00
2026-07-30T12:36:55.256372,0.00
2026-07-30T12:36:56.256905,0.00
2026-07-30T12:36:57.257437,0.00
2026-07-30T12:36:58.258000,0.00
2026-07-30T12:36:59.258576,0.00
2026-07-30T12:37:00.259095,0.00
2026-07-30T12:37:01.259667,0.00
2026-07-30T12:37:02.260290,0.00
2026-07-30T12:37:03.260735,0.00
2026-07-30T12:37:04.261148,0.00
2026-07-30T12:37:05.261569,0.00
2026-07-30T12:37:06.261954,0.00
2026-07-30T12:37:07.262566,0.00
2026-07-30T12:37:08.263005,0.00
2026-07-30T12:37:09.263578,0.00
2026-07-30T12:37:10.264098,0.00
2026-07-30T12:37:11.264601,0.00
2026-07-30T12:37:12.265038,0.00
2026-07-30T12:37:13.265567,0.00
2026-07-30T12:37:14.265993,0.00
2026-07-30T12:37:15.266572,0.00
2026-07-30T12:37:16.266995,0.00
2026-07-30T12:37:17.267532,0.00
2026-07-30T12:37:18.268097,0.00
2026-07-30T12:37:19.268664,0.00
2026-07-30T12:37:20.268898,0.00
2026-07-30T12:37:21.269247,0.00
2026-07-30T12:37:22.269674,0.00
2026-07-30T12:37:23.270228,0.00
2026-07-30T12:37:24.270784,0.00
2026-07-30T12:37:25.271324,0.00
2026-07-30T12:37:26.271897,0.00
2026-07-30T12:37:27.272460,0.00
2026-07-30T12:37:28.273064,0.00
2026-07-30T12:37:29.273596,0.00
2026-07-30T12:37:30.274103,0.00
2026-07-30T12:37:31.274596,0.00
2026-07-30T12:37:32.275121,0.00
2026-07-30T12:37:33.275710,0.00
2026-07-30T12:37:34.276234,0.00
2026-07-30T12:37:35.276655,0.00
2026-07-30T12:37:36.277261,0.00
2026-07-30T12:37:37.277758,0.00
2026-07-30T12:37:38.278275,0.00
2026-07-30T12:37:39.278826,0.00
2026-07-30T12:37:40.279347,0.00
2026-07-30T12:37:41.279870,0.00
2026-07-30T12:37:42.280462,0.00
2026-07-30T12:37:43.281033,0.00
2026-07-30T12:37:44.281588,0.00
2026-07-30T12:37:45.282179,0.00
2026-07-30T12:37:46.282595,0.00
2026-07-30T12:37:47.283176,0.00
2026-07-30T12:37:48.283681,0.00
2026-07-30T12:37:49.284050,0.00
2026-07-30T12:37:50.284307,0.00
2026-07-30T12:37:51.284543,0.00
2026-07-30T12:37:52.284890,0.00
2026-07-30T12:37:53.285288,0.00
2026-07-30T12:37:54.285669,0.00
2026-07-30T12:37:55.286038,0.00
2026-07-30T12:37:56.286274,0.00
2026-07-30T12:37:57.286645,0.00
2026-07-30T12:37:58.286905,0.00
2026-07-30T12:37:59.287266,0.00
2026-07-30T12:38:00.287707,0.00
2026-07-30T12:38:01.288270,0.00
2026-07-30T12:38:02.288692,0.00
2026-07-30T12:38:03.289256,0.00
2026-07-30T12:38:04.289628,0.00
2026-07-30T12:38:05.289995,0.00
2026-07-30T12:38:06.290481,0.00
2026-07-30T12:38:07.290989,0.00
2026-07-30T12:38:08.291404,0.00
2026-07-30T12:38:09.291817,0.00
2026-07-30T12:38:10.292391,0.00
2026-07-30T12:38:11.293079,0.00
2026-07-30T12:38:12.293498,0.00
2026-07-30T12:38:13.293924,0.00
2026-07-30T12:38:14.294340,0.00
2026-07-30T12:38:15.294794,0.00
2026-07-30T12:38:16.295329,0.00
2026-07-30T12:38:17.295757,0.00
2026-07-30T12:38:18.296156,0.00
2026-07-30T12:38:19.296754,0.00
2026-07-30T12:38:20.297362,0.00
2026-07-30T12:38:21.297972,0.00
2026-07-30T12:38:22.298527,0.00
2026-07-30T12:38:23.299115,0.00
2026-07-30T12:38:24.299742,0.00
2026-07-30T12:38:25.300339,0.00
2026-07-30T12:38:26.300912,0.00
2026-07-30T12:38:27.301466,0.00
2026-07-30T12:38:28.302047,0.00
2026-07-30T12:38:29.302589,0.00
2026-07-30T12:38:30.303093,0.00
2026-07-30T12:38:31.303399,0.00
2026-07-30T12:38:32.303676,0.00
2026-07-30T12:38:33.304225,0.00
2026-07-30T12:38:34.304813,0.00
2026-07-30T12:38:35.305439,0.00
2026-07-30T12:38:36.306050,0.00
2026-07-30T12:38:37.306625,0.00
2026-07-30T12:38:38.307169,0.00
2026-07-30T12:38:39.307684,0.00
2026-07-30T12:38:40.307970,0.00
2026-07-30T12:38:41.308429,0.00
2026-07-30T12:38:42.308969,0.00
2026-07-30T12:38:43.309364,0.00
2026-07-30T12:38:44.309794,0.00
2026-07-30T12:38:45.310227,0.00
2026-07-30T12:38:46.310512,0.00
2026-07-30T12:38:47.310891,0.00
2026-07-30T12:38:48.311328,0.00
2026-07-30T12:38:49.311758,0.00
2026-07-30T12:38:50.312225,0.00
2026-07-30T12:38:51.312569,0.00
2026-07-30T12:38:52.313040,0.00
2026-07-30T12:38:53.313447,0.00
2026-07-30T12:38:54.313811,0.00
2026-07-30T12:38:55.314142,0.00
2026-07-30T12:38:56.314512,0.00
2026-07-30T12:38:57.314994,0.00
2026-07-30T12:38:58.315495,0.00
2026-07-30T12:38:59.315848,0.00
2026-07-30T12:39:00.316267,0.00
2026-07-30T12:39:01.316723,0.00
2026-07-30T12:39:02.317318,0.00
2026-07-30T12:39:03.317960,0.00
2026-07-30T12:39:04.318625,0.00
2026-07-30T12:39:05.319036,0.00
2026-07-30T12:39:06.319705,0.00
2026-07-30T12:39:07.320020,0.00
2026-07-30T12:39:08.320487,0.00
2026-07-30T12:39:09.320877,0.00
2026-07-30T12:39:10.321335,0.00
2026-07-30T12:39:11.321766,0.00
2026-07-30T12:39:12.322213,0.00
2026-07-30T12:39:13.322591,0.00
2026-07-30T12:39:14.323000,0.00
2026-07-30T12:39:15.323629,0.00
2026-07-30T12:39:16.324014,0.00
2026-07-30T12:39:17.324411,0.00
2026-07-30T12:39:18.324803,0.00
2026-07-30T12:39:19.325259,0.00
2026-07-30T12:39:20.325730,0.00
2026-07-30T12:39:21.326222,0.00
2026-07-30T12:39:22.326640,0.00
2026-07-30T12:39:23.326953,0.00
2026-07-30T12:39:24.327322,0.00
2026-07-30T12:39:25.327725,0.00
2026-07-30T12:39:26.328125,0.00
2026-07-30T12:39:27.328563,0.00
2026-07-30T12:39:28.328940,0.00
2026-07-30T12:39:29.329348,0.00
2026-07-30T12:39:30.329803,0.00
2026-07-30T12:39:31.330325,0.00
2026-07-30T12:39:32.330909,0.00
2026-07-30T12:39:33.331302,0.00
2026-07-30T12:39:34.331750,0.00
2026-07-30T12:39:35.332156,0.00
2026-07-30T12:39:36.332606,0.00
2026-07-30T12:39:37.333101,0.00
2026-07-30T12:39:38.333522,0.00
2026-07-30T12:39:39.333780,0.00
2026-07-30T12:39:40.334138,0.00
2026-07-30T12:39:41.334573,0.00
2026-07-30T12:39:42.334976,0.00
2026-07-30T12:39:43.335408,0.00
2026-07-30T12:39:44.335902,0.00
2026-07-30T12:39:45.336485,0.00
2026-07-30T12:39:46.336939,0.00
2026-07-30T12:39:47.337365,0.00
2026-07-30T12:39:48.337808,0.00
2026-07-30T12:39:49.338289,0.00
2026-07-30T12:39:50.338844,0.00
2026-07-30T12:39:51.339238,0.00
2026-07-30T12:39:52.339750,0.00
2026-07-30T12:39:53.340272,0.00
2026-07-30T12:39:54.340680,0.00
2026-07-30T12:39:55.341064,0.00
2026-07-30T12:39:56.341428,0.00
2026-07-30T12:39:57.341859,0.00
2026-07-30T12:39:58.342325,0.00
2026-07-30T12:39:59.342809,0.00
2026-07-30T12:40:00.343244,0.00
2026-07-30T12:40:01.343756,0.00
2026-07-30T12:40:02.344228,0.00
2026-07-30T12:40:03.344671,0.00
2026-07-30T12:40:04.345107,0.00
2026-07-30T12:40:05.345556,0.00
2026-07-30T12:40:06.345940,0.00
2026-07-30T12:40:07.346466,0.00
2026-07-30T12:40:08.346887,0.00
2026-07-30T12:40:09.347314,0.00
2026-07-30T12:40:10.347734,0.00
2026-07-30T12:40:11.348150,0.00
2026-07-30T12:40:12.348580,0.00
2026-07-30T12:40:13.349043,0.00
2026-07-30T12:40:14.349376,0.00
2026-07-30T12:40:15.349848,0.00
2026-07-30T12:40:16.350325,0.00
2026-07-30T12:40:17.350739,0.00
2026-07-30T12:40:18.351165,0.00
2026-07-30T12:40:19.351621,0.00
2026-07-30T12:40:20.352164,0.00
2026-07-30T12:40:21.352593,0.00
2026-07-30T12:40:22.352986,0.00
2026-07-30T12:40:23.353479,0.00
2026-07-30T12:40:24.353829,0.00
2026-07-30T12:40:25.354208,0.00
2026-07-30T12:40:26.354556,0.00
2026-07-30T12:40:27.355024,0.00
2026-07-30T12:40:28.355536,0.00
2026-07-30T12:40:29.355958,0.00
2026-07-30T12:40:30.356389,0.00
2026-07-30T12:40:31.356858,0.00
2026-07-30T12:40:32.357259,0.00
2026-07-30T12:40:33.357664,0.00
2026-07-30T12:40:34.358187,0.00
2026-07-30T12:40:35.358589,0.00
2026-07-30T12:40:36.358994,0.00
2026-07-30T12:40:37.359419,0.00
2026-07-30T12:40:38.359835,0.00
2026-07-30T12:40:39.360281,0.00
2026-07-30T12:40:40.360695,0.00
2026-07-30T12:40:41.361133,0.00
2026-07-30T12:40:42.361567,0.00
2026-07-30T12:40:43.362012,0.00
2026-07-30T12:40:44.362442,0.00
2026-07-30T12:40:45.362893,0.00
2026-07-30T12:40:46.363358,0.00
2026-07-30T12:40:47.363819,0.00
2026-07-30T12:40:48.364239,0.00
2026-07-30T12:40:49.364711,0.00
2026-07-30T12:40:50.365215,0.00
2026-07-30T12:40:51.365760,0.00
2026-07-30T12:40:52.366160,0.00
2026-07-30T12:40:53.366650,0.00
2026-07-30T12:40:54.367070,0.00
2026-07-30T12:40:55.367608,0.00
2026-07-30T12:40:56.368028,0.00
2026-07-30T12:40:57.368457,0.00
2026-07-30T12:40:58.368881,0.00
2026-07-30T12:40:59.369448,0.00
2026-07-30T12:41:00.369864,0.00
2026-07-30T12:41:01.370412,0.00
2026-07-30T12:41:02.370934,0.00
2026-07-30T12:41:03.371389,0.00
2026-07-30T12:41:04.371816,0.00
2026-07-30T12:41:05.372244,0.00
2026-07-30T12:41:06.372608,0.00
2026-07-30T12:41:07.373028,0.00
2026-07-30T12:41:08.373544,0.00
2026-07-30T12:41:09.373884,0.00
2026-07-30T12:41:10.374356,0.00
2026-07-30T12:41:11.374864,0.00
2026-07-30T12:41:12.375318,0.00
2026-07-30T12:41:13.375695,0.00
2026-07-30T12:41:14.376161,0.00
2026-07-30T12:41:15.376576,0.00
2026-07-30T12:41:16.377071,0.00
2026-07-30T12:41:17.377311,0.00
2026-07-30T12:41:18.377637,0.00
2026-07-30T12:41:19.378017,0.00
2026-07-30T12:41:20.378530,0.00
2026-07-30T12:41:21.378939,0.00
2026-07-30T12:41:22.379369,0.00
2026-07-30T12:41:23.379859,0.00
2026-07-30T12:41:24.380382,0.00
2026-07-30T12:41:25.380648,0.00
2026-07-30T12:41:26.380987,0.00
2026-07-30T12:41:27.381465,0.00
2026-07-30T12:41:28.381980,0.00
2026-07-30T12:41:29.382506,0.00
2026-07-30T12:41:30.382908,0.00
2026-07-30T12:41:31.383450,0.00
2026-07-30T12:41:32.383987,0.00
2026-07-30T12:41:33.384425,0.00
2026-07-30T12:41:34.384895,0.00
2026-07-30T12:41:35.385463,0.00
2026-07-30T12:41:36.385912,0.00
2026-07-30T12:41:37.386457,0.00
2026-07-30T12:41:38.386822,0.00
2026-07-30T12:41:39.387273,0.00
2026-07-30T12:41:40.387707,0.00
2026-07-30T12:41:41.388130,0.00
2026-07-30T12:41:42.388580,0.00
2026-07-30T12:41:43.388977,0.00
2026-07-30T12:41:44.389363,0.00
2026-07-30T12:41:45.389665,0.00
2026-07-30T12:41:46.390020,0.00
2026-07-30T12:41:47.390425,0.00
2026-07-30T12:41:48.390831,0.00
2026-07-30T12:41:49.391253,0.00
2026-07-30T12:41:50.391646,0.00
2026-07-30T12:41:51.392133,0.00
2026-07-30T12:41:52.392684,0.00
2026-07-30T12:41:53.393109,0.00
2026-07-30T12:41:54.393552,0.00
2026-07-30T12:41:55.394103,0.00
2026-07-30T12:41:56.394655,0.00
2026-07-30T12:41:57.395149,0.00
2026-07-30T12:41:58.395565,0.00
2026-07-30T12:41:59.395956,0.00
2026-07-30T12:42:00.396367,0.00
2026-07-30T12:42:01.396816,0.00
2026-07-30T12:42:02.397343,0.00
2026-07-30T12:42:03.397734,0.00
2026-07-30T12:42:04.398177,0.00
2026-07-30T12:42:05.398553,0.00
2026-07-30T12:42:06.399001,0.00
2026-07-30T12:42:07.399448,0.00
2026-07-30T12:42:08.399864,0.00
2026-07-30T12:42:09.400345,0.00
2026-07-30T12:42:10.400624,0.00
2026-07-30T12:42:11.401161,0.00
2026-07-30T12:42:12.401632,0.00
2026-07-30T12:42:13.402071,0.00
2026-07-30T12:42:14.402499,0.00
2026-07-30T12:42:15.402927,0.00
2026-07-30T12:42:16.403464,0.00
2026-07-30T12:42:17.403974,0.00
2026-07-30T12:42:18.404423,0.00
2026-07-30T12:42:19.404839,0.00
2026-07-30T12:42:20.405362,0.00
2026-07-30T12:42:21.405940,0.00
2026-07-30T12:42:22.406477,0.00
2026-07-30T12:42:23.406959,0.00
2026-07-30T12:42:24.407427,0.00
2026-07-30T12:42:25.407841,0.00
2026-07-30T12:42:26.408248,0.00
2026-07-30T12:42:27.408622,0.00
2026-07-30T12:42:28.408981,0.00
2026-07-30T12:42:29.409404,0.00
2026-07-30T12:42:30.409789,0.00
2026-07-30T12:42:31.410148,0.00
2026-07-30T12:42:32.410586,0.00
2026-07-30T12:42:33.411018,0.00
2026-07-30T12:42:34.411409,0.00
2026-07-30T12:42:35.411867,0.00
2026-07-30T12:42:36.412463,0.00
2026-07-30T12:42:37.413032,0.00
2026-07-30T12:42:38.413645,0.00
2026-07-30T12:42:39.414064,0.00
2026-07-30T12:42:40.414400,0.00
2026-07-30T12:42:41.414814,0.00
2026-07-30T12:42:42.415282,0.00
2026-07-30T12:42:43.415643,0.00
2026-07-30T12:42:44.416053,0.00
2026-07-30T12:42:45.416579,0.00
2026-07-30T12:42:46.416975,0.00
2026-07-30T12:42:47.417329,0.00
2026-07-30T12:42:48.417790,0.00
2026-07-30T12:42:49.418283,0.00
2026-07-30T12:42:50.418697,0.00
2026-07-30T12:42:51.419116,0.00
2026-07-30T12:42:52.419536,0.00
2026-07-30T12:42:53.420112,0.00
2026-07-30T12:42:54.420549,0.00
2026-07-30T12:42:55.421063,0.00
2026-07-30T12:42:56.421593,0.00
2026-07-30T12:42:57.422004,0.00
2026-07-30T12:42:58.422443,0.00
2026-07-30T12:42:59.422871,0.00
2026-07-30T12:43:00.423422,0.00
2026-07-30T12:43:01.423848,0.00
2026-07-30T12:43:02.424274,0.00
2026-07-30T12:43:03.424633,0.00
2026-07-30T12:43:04.424954,0.00
2026-07-30T12:43:05.425340,0.00
2026-07-30T12:43:06.425781,0.00
2026-07-30T12:43:07.426167,0.00
2026-07-30T12:43:08.426558,0.00
2026-07-30T12:43:09.426956,0.00
2026-07-30T12:43:10.427324,0.00
2026-07-30T12:43:11.427677,0.00
2026-07-30T12:43:12.428069,0.00
2026-07-30T12:43:13.428419,0.00
2026-07-30T12:43:14.428874,0.00
2026-07-30T12:43:15.429318,0.00
2026-07-30T12:43:16.429809,0.00
2026-07-30T12:43:17.430365,0.00
2026-07-30T12:43:18.430872,0.00
2026-07-30T12:43:19.431400,0.00
2026-07-30T12:43:20.431796,0.00
2026-07-30T12:43:21.432186,0.00
2026-07-30T12:43:22.432707,0.00
2026-07-30T12:43:23.433222,0.00
2026-07-30T12:43:24.433641,0.00
2026-07-30T12:43:25.434053,0.00
2026-07-30T12:43:26.434637,0.00
2026-07-30T12:43:27.435133,0.00
2026-07-30T12:43:28.435663,0.00
2026-07-30T12:43:29.436121,0.00
2026-07-30T12:43:30.436582,0.00
2026-07-30T12:43:31.437046,0.00
2026-07-30T12:43:32.437426,0.00
2026-07-30T12:43:33.437875,0.00
2026-07-30T12:43:34.438323,0.00
2026-07-30T12:43:35.438744,0.00
2026-07-30T12:43:36.439127,0.00
2026-07-30T12:43:37.439537,0.00
2026-07-30T12:43:38.439905,0.00
2026-07-30T12:43:39.440393,0.00
2026-07-30T12:43:40.440743,0.00
2026-07-30T12:43:41.441160,0.00
2026-07-30T12:43:42.441524,0.00
2026-07-30T12:43:43.441945,0.00
2026-07-30T12:43:44.442453,0.00
2026-07-30T12:43:45.442903,0.00
2026-07-30T12:43:46.443454,0.00
2026-07-30T12:43:47.443873,0.00
2026-07-30T12:43:48.444257,0.00
2026-07-30T12:43:49.444654,0.00
2026-07-30T12:43:50.445063,0.00
2026-07-30T12:43:51.445638,0.00
2026-07-30T12:43:52.445956,0.00
2026-07-30T12:43:53.446455,0.00
2026-07-30T12:43:54.446847,0.00
2026-07-30T12:43:55.447257,0.00
2026-07-30T12:43:56.447671,0.00
2026-07-30T12:43:57.448103,0.00
2026-07-30T12:43:58.448400,0.00
2026-07-30T12:43:59.448771,0.00
2026-07-30T12:44:00.449341,0.00
2026-07-30T12:44:01.449772,0.00
2026-07-30T12:44:02.450173,0.00
2026-07-30T12:44:03.450588,0.00
2026-07-30T12:44:04.450978,0.00
2026-07-30T12:44:05.451353,0.00
2026-07-30T12:44:06.451839,0.00
2026-07-30T12:44:07.452227,0.00
2026-07-30T12:44:08.452782,0.00
2026-07-30T12:44:09.453168,0.00
2026-07-30T12:44:10.453704,0.00
2026-07-30T12:44:11.454114,0.00
2026-07-30T12:44:12.454432,0.00
2026-07-30T12:44:13.454951,0.00
2026-07-30T12:44:14.455403,0.00
2026-07-30T12:44:15.455815,0.00
2026-07-30T12:44:16.456270,0.00
2026-07-30T12:44:17.456571,0.00
2026-07-30T12:44:18.456801,0.00
2026-07-30T12:44:19.457294,0.00
2026-07-30T12:44:20.457713,0.00
2026-07-30T12:44:21.458254,0.00
2026-07-30T12:44:22.458660,0.00
2026-07-30T12:44:23.459084,0.00
2026-07-30T12:44:24.459450,0.00
2026-07-30T12:44:25.459850,0.00
2026-07-30T12:44:26.460288,0.00
2026-07-30T12:44:27.460738,0.00
2026-07-30T12:44:28.461285,0.00
2026-07-30T12:44:29.461705,0.00
2026-07-30T12:44:30.462254,0.00
2026-07-30T12:44:31.462698,0.00
2026-07-30T12:44:32.463186,0.00
2026-07-30T12:44:33.463615,0.00
2026-07-30T12:44:34.464039,0.00
2026-07-30T12:44:35.464559,0.00
2026-07-30T12:44:36.464922,0.00
2026-07-30T12:44:37.465393,0.00
2026-07-30T12:44:38.465737,0.00
2026-07-30T12:44:39.466109,0.00
2026-07-30T12:44:40.466576,0.00
2026-07-30T12:44:41.467125,0.00
2026-07-30T12:44:42.467642,0.00
2026-07-30T12:44:43.468038,0.00
2026-07-30T12:44:44.468447,0.00
2026-07-30T12:44:45.468862,0.00
2026-07-30T12:44:46.469364,0.00
2026-07-30T12:44:47.469825,0.00
2026-07-30T12:44:48.470341,0.00
2026-07-30T12:44:49.470769,0.00
2026-07-30T12:44:50.471184,0.00
2026-07-30T12:44:51.471624,0.00
2026-07-30T12:44:52.472023,0.00
2026-07-30T12:44:53.472444,0.00
2026-07-30T12:44:54.472833,0.00
2026-07-30T12:44:55.473218,0.00
2026-07-30T12:44:56.473617,0.00
2026-07-30T12:44:57.473912,0.00
2026-07-30T12:44:58.474291,0.00
2026-07-30T12:44:59.474618,0.00
2026-07-30T12:45:00.475083,0.00
2026-07-30T12:45:01.475626,0.00
2026-07-30T12:45:02.476015,0.00
2026-07-30T12:45:03.476398,0.00
2026-07-30T12:45:04.476770,0.00
2026-07-30T12:45:05.477163,0.00
2026-07-30T12:45:06.477722,0.00
2026-07-30T12:45:07.478256,0.00
2026-07-30T12:45:08.478695,0.00
2026-07-30T12:45:09.479225,0.00
2026-07-30T12:45:10.479676,0.00
2026-07-30T12:45:11.480143,0.00
2026-07-30T12:45:12.480581,0.00
2026-07-30T12:45:13.480959,0.00
2026-07-30T12:45:14.481380,0.00
2026-07-30T12:45:15.481831,0.00
2026-07-30T12:45:16.482231,0.00
2026-07-30T12:45:17.482733,0.00
2026-07-30T12:45:18.483081,0.00
2026-07-30T12:45:19.483569,0.00
2026-07-30T12:45:20.483953,0.00
2026-07-30T12:45:21.484372,0.00
2026-07-30T12:45:22.484808,0.00
2026-07-30T12:45:23.485280,0.00
2026-07-30T12:45:24.485724,0.00
2026-07-30T12:45:25.486144,0.00
2026-07-30T12:45:26.486569,0.00
2026-07-30T12:45:27.486974,0.00
2026-07-30T12:45:28.487458,0.00
2026-07-30T12:45:29.487806,0.00
2026-07-30T12:45:30.488451,0.00
2026-07-30T12:45:31.488946,0.00
2026-07-30T12:45:32.489446,0.00
2026-07-30T12:45:33.489872,0.00
2026-07-30T12:45:34.490401,0.00
2026-07-30T12:45:35.490945,0.00
2026-07-30T12:45:36.491467,0.00
2026-07-30T12:45:37.492081,0.00
2026-07-30T12:45:38.492631,0.00
2026-07-30T12:45:39.493138,0.00
2026-07-30T12:45:40.493621,0.00
2026-07-30T12:45:41.494147,0.00
2026-07-30T12:45:42.494737,0.00
2026-07-30T12:45:43.495153,0.00
2026-07-30T12:45:44.495706,0.00
2026-07-30T12:45:45.496308,0.00
2026-07-30T12:45:46.496848,0.00
2026-07-30T12:45:47.497408,0.00
2026-07-30T12:45:48.497936,0.00
2026-07-30T12:45:49.498468,0.00
2026-07-30T12:45:50.498970,0.00
2026-07-30T12:45:51.499406,0.00
2026-07-30T12:45:52.499818,0.00
2026-07-30T12:45:53.500378,0.00
2026-07-30T12:45:54.500839,0.00
2026-07-30T12:45:55.501418,0.00
2026-07-30T12:45:56.501923,0.00
2026-07-30T12:45:57.502339,0.00
2026-07-30T12:45:58.502861,0.00
2026-07-30T12:45:59.503398,0.00
2026-07-30T12:46:00.503954,0.00
2026-07-30T12:46:01.504484,0.00
2026-07-30T12:46:02.505084,0.00
2026-07-30T12:46:03.505674,0.00
2026-07-30T12:46:04.506240,0.00
2026-07-30T12:46:05.506779,0.00
2026-07-30T12:46:06.507319,0.00
2026-07-30T12:46:07.507797,0.00
2026-07-30T12:46:08.508318,0.00
2026-07-30T12:46:09.508857,0.00
2026-07-30T12:46:10.509270,0.00
2026-07-30T12:46:11.509537,0.00
2026-07-30T12:46:12.509995,0.00
2026-07-30T12:46:13.510510,0.00
2026-07-30T12:46:14.511090,0.00
2026-07-30T12:46:15.511614,0.00
2026-07-30T12:46:16.512137,0.00
2026-07-30T12:46:17.512746,0.00
2026-07-30T12:46:18.513157,0.00
2026-07-30T12:46:19.513556,0.00
2026-07-30T12:46:20.514156,0.00
2026-07-30T12:46:21.514583,0.00
2026-07-30T12:46:22.515007,0.00
2026-07-30T12:46:23.515573,0.00
2026-07-30T12:46:24.515978,0.00
2026-07-30T12:46:25.516517,0.00
2026-07-30T12:46:26.516917,0.00
2026-07-30T12:46:27.517375,0.00
2026-07-30T12:46:28.517993,0.00
2026-07-30T12:46:29.518517,0.00
2026-07-30T12:46:30.519022,0.00
2026-07-30T12:46:31.519641,0.00
2026-07-30T12:46:32.520250,0.00
2026-07-30T12:46:33.520791,0.00
2026-07-30T12:46:34.521050,0.00
2026-07-30T12:46:35.521355,0.00
2026-07-30T12:46:36.521555,0.00
2026-07-30T12:46:37.521763,0.00
2026-07-30T12:46:38.521997,0.00
2026-07-30T12:46:39.522567,0.00
2026-07-30T12:46:40.522919,0.00
2026-07-30T12:46:41.523102,0.00
2026-07-30T12:46:42.523515,0.00
2026-07-30T12:46:43.523782,0.00
2026-07-30T12:46:44.523956,0.00
2026-07-30T12:46:45.524150,0.00
2026-07-30T12:46:46.524309,0.00
2026-07-30T12:46:47.524554,0.00
2026-07-30T12:46:48.524740,0.00
2026-07-30T12:46:49.524926,0.00
2026-07-30T12:46:50.525341,0.00
2026-07-30T12:46:51.525572,0.00
2026-07-30T12:46:52.525762,0.00
2026-07-30T12:46:53.530202,0.00
2026-07-30T12:46:54.530758,0.00
2026-07-30T12:46:55.531312,0.00
2026-07-30T12:46:56.531788,0.00
2026-07-30T12:46:57.532337,0.00
2026-07-30T12:46:58.532675,0.00
2026-07-30T12:46:59.532911,0.00
2026-07-30T12:47:00.533414,0.00
2026-07-30T12:47:01.533823,0.00
2026-07-30T12:47:02.534320,0.00
2026-07-30T12:47:03.534885,0.00
2026-07-30T12:47:04.535127,0.00
2026-07-30T12:47:05.535312,0.00
2026-07-30T12:47:06.535556,0.00
2026-07-30T12:47:07.535742,0.00
2026-07-30T12:47:08.536068,0.00
2026-07-30T12:47:09.536337,0.00
2026-07-30T12:47:10.536754,0.00
2026-07-30T12:47:11.537030,0.00
2026-07-30T12:47:12.537251,0.00
2026-07-30T12:47:13.537518,0.00
2026-07-30T12:47:14.537763,0.00
2026-07-30T12:47:15.537961,0.00
2026-07-30T12:47:16.538223,0.00
2026-07-30T12:47:17.538421,0.00
2026-07-30T12:47:18.538604,0.00
2026-07-30T12:47:19.542739,0.00
2026-07-30T12:47:20.543187,0.00
2026-07-30T12:47:21.543739,0.00
2026-07-30T12:47:22.544239,0.00
2026-07-30T12:47:23.544766,0.00
2026-07-30T12:47:24.545309,0.00
2026-07-30T12:47:25.545728,0.00
2026-07-30T12:47:26.546254,0.00
2026-07-30T12:47:27.546728,0.00
2026-07-30T12:47:28.547277,0.00
2026-07-30T12:47:29.547656,0.00
2026-07-30T12:47:30.548133,0.00
2026-07-30T12:47:31.548559,0.00
2026-07-30T12:47:32.548981,0.00
2026-07-30T12:47:33.549368,0.00
2026-07-30T12:47:34.549751,0.00
2026-07-30T12:47:35.550313,0.00
2026-07-30T12:47:36.550821,0.00
2026-07-30T12:47:37.551395,0.00
2026-07-30T12:47:38.551850,0.00
2026-07-30T12:47:39.552210,0.00
2026-07-30T12:47:40.552580,0.00
2026-07-30T12:47:41.553033,0.00
2026-07-30T12:47:42.553367,0.00
2026-07-30T12:47:43.553874,0.00
2026-07-30T12:47:44.554426,0.00
2026-07-30T12:47:45.554994,0.00
2026-07-30T12:47:46.555533,0.00
2026-07-30T12:47:47.555914,0.00
2026-07-30T12:47:48.556205,0.00
2026-07-30T12:47:49.556438,0.00
2026-07-30T12:47:50.556628,0.00
2026-07-30T12:47:51.556820,0.00
2026-07-30T12:47:52.557047,0.00
2026-07-30T12:47:53.557285,0.00
2026-07-30T12:47:54.557542,0.00
2026-07-30T12:47:55.557777,0.00
2026-07-30T12:47:56.558020,0.00
2026-07-30T12:47:57.558238,0.00
2026-07-30T12:47:58.558481,0.00
2026-07-30T12:47:59.558708,0.00
2026-07-30T12:48:00.559126,0.00
2026-07-30T12:48:01.559415,0.00
2026-07-30T12:48:02.559913,0.00
2026-07-30T12:48:03.560490,0.00
2026-07-30T12:48:04.560744,0.00
